pattern,first_seen,last_seen,peak_year,peak_usage,total_uses,n_years,adoption_lag,half_life,cross_region_lag,reuse_rate,n_regions
"Bqd,Wdp,Bcd,Wpp,Bnd,Wed,Bec,Wfc,Bdc,Wfd,Bcf,Wlc,Bjc,Wle,Bmc",2021,2023,2021,2,5,3,0,2,1,1.0,2
"Bpd,Wdp,Bpq,Wdd,Bcq,Wdq,Bcp,Wdo,Bbn,Wqc,Bqd,Wpc,Bod,Wnc,Bqn",2019,2025,2020,2,6,4,1,2,1,0.5714285714285714,2
"Bpd,Wdd,Bqp,Wdp,Bop,Wqc,Bpc,Wqd,Bqf,Wrf,Brg,Wqe,Bpf,Wpe,Boe",2020,2024,2024,3,5,3,4,0,1,0.6,2
"Bpd,Wdp,Bpp,Wdd,Bcq,Wdq,Bcp,Wdo,Bbn,Wqc,Bqd,Wpc,Bnc,Woc,Bod",2019,2025,2021,7,15,5,2,1,2,0.7142857142857143,2
"Bpd,Wdp,Bpp,Wdd,Bcq,Wdq,Bcp,Wdo,Bcn,Wqq,Bpq,Wqp,Bpo,Wrn,Bbm",2019,2025,2021,3,7,4,2,1,2,0.5714285714285714,2
"Bpd,Wdp,Bpq,Wdd,Bfq,Wqo,Bqm,Wop,Bpp,Wpo,Boo,Won,Bno,Wpm,Bmp",2019,2025,2019,2,6,5,0,1,,0.7142857142857143,1
"Bpd,Wdp,Bqp,Wdd,Bop,Wnc,Bqf,Wpc,Bqc,Wqb,Boc,Wpb,Bob,Wod,Bnb",2020,2024,2024,3,5,3,4,0,2,0.6,2
"Bpd,Wdp,Bpq,Wdd,Bcq,Wdq,Bcp,Wdo,Bbn,Wqc,Bqd,Wpc,Bod,Wnc,Bnd",2019,2025,2023,3,10,6,0,1,,0.8571428571428571,2
"Bqd,Wdd,Bpq,Wdp,Bnd,Wpo,Bqo,Wqn,Bqp,Wpn,Bnq,Wpj,Bfc,Wec,Bfd",2019,2025,2020,4,9,6,1,1,1,0.8571428571428571,3
"Bpd,Wdp,Bpq,Wdd,Bpo,Wqc,Bqd,Wpc,Bnc,Woc,Bod,Wnb,Bcq,Wdq,Bcp",2022,2024,2022,2,6,3,0,2,,1.0,1
"Bpd,Wdc,Bpp,Wdq,Bde,Wce,Bcf,Wcd,Bdf,Wfc,Bco,Wdk,Bep,Weq,Bfp",2018,2025,2023,3,7,4,5,2,5,0.5,2
"Bpd,Wdp,Bpp,Wdd,Bcq,Wdq,Bcp,Wdo,Bbn,Wqc,Bpc,Wqd,Bpe,Wrf,Bhq",2020,2025,2023,3,5,3,3,1,3,0.5,3
"Bpd,Wdp,Bpp,Wdc,Bcq,Wcp,Bdq,Wep,Bfq,Wqc,Bqd,Wpc,Bod,Wnb,Bgr",2021,2024,2021,2,5,3,0,1,2,0.75,2
"Bqd,Wdc,Bpq,Wdp,Boc,Wpo,Bqo,Wpp,Bqp,Woq,Bqn,Wpr,Bqq,Wnp,Bfq",1960,2017,2016,5,9,3,56,1,56,0.05172413793103448,3
"Bpd,Wdd,Bpq,Wdp,Bqk,Wnc,Bpf,Wqc,Bpc,Wpb,Bfq,Wcn,Bob,Wqb,Boc",2013,2017,2016,4,7,3,3,1,,0.6,1
"Bpd,Wdp,Bpq,Wdd,Bpo,Wnc,Blc,Wqc,Bpc,Wqd,Bpe,Wpb,Bob,Wqb,Bnb",2019,2025,2019,2,6,4,0,1,,0.5714285714285714,1
"Bpd,Wdp,Bpp,Wdd,Bfq,Wcn,Bnq,Wnc,Bcc,Wdc,Bcd,Wcf,Bce,Wde,Bbf",2018,2025,2019,2,6,5,1,1,,0.625,1
"Bpd,Wdp,Bpq,Wdd,Bfq,Wqo,Bop,Wql,Bcn,Wdn,Bdm,Wen,Bcp,Wcq,Bco",2019,2025,2020,2,7,5,1,1,5,0.7142857142857143,2
"Bpd,Wdd,Bpq,Wdp,Bpn,Wqc,Bpc,Wqd,Bqf,Wqe,Bpe,Wrf,Bqb,Wrb,Bre",2018,2021,2019,4,7,4,1,1,1,1.0,2
"Bpd,Wdd,Bpq,Wdp,Bqk,Wnc,Bpf,Wqc,Bpc,Wpb,Bob,Wqb,Boc,Wre,Brf",2012,2021,2013,15,42,7,0,2,1,0.7,3
"Bqd,Wpp,Bcd,Wdp,Bec,Wod,Boc,Wnc,Bpc,Wmd,Bqf,Wic,Bcn,Wfq,Bbp",1993,2017,1993,1,5,5,,1,20,0.2,2
"Bqd,Wpp,Bdc,Wcp,Bce,Wod,Boc,Wnc,Bpc,Wmd,Bqf,Wec,Bed,Wfc,Bdb",2015,2018,2016,10,20,4,0,1,1,1.0,3
"Bpd,Wdd,Bqp,Wdq,Boq,Wqf,Bnc,Wrd,Bfc,Wcf,Bqh,Wqc,Bqe,Wre,Bpf",2013,2016,2014,16,29,4,0,1,1,1.0,3
"Bpd,Wdd,Bpp,Wdp,Bfq,Wcn,Bjp,Wqn,Bql,Wqq,Bpq,Wqp,Bpo,Wpn,Bqo",1996,2018,2015,2,12,10,19,2,,0.43478260869565216,1
"Bpd,Wdp,Bqp,Wdc,Boq,Wqf,Bnc,Wrd,Bqh,Wqc,Bqe,Wre,Bpf,Wpg,Bqg",2013,2016,2016,3,7,4,0,0,1,1.0,3
"Bqd,Wdd,Bpq,Wdp,Boc,Wpo,Bqo,Wpp,Bqp,Woq,Bqn,Wpr,Bqq,Wnp,Bfq",2009,2016,2016,3,6,4,7,0,7,0.5,2
"Bqd,Wdc,Bpq,Wdp,Boc,Wpo,Bqo,Wqn,Bqp,Wpm,Bnq,Wqe,Bpe,Wqf,Brd",2015,2018,2016,9,18,4,0,1,,1.0,3
"Bpd,Wdd,Bqp,Wdp,Bfq,Wip,Bcn,Wfp,Bgp,Wfo,Beq,Wdq,Bgo,Wdn,Bdm",1994,2015,2000,2,5,4,6,1,6,0.18181818181818182,2
"Bqd,Wdp,Bpp,Wdc,Bde,Wce,Bdd,Wcd,Bec,Wcf,Bdf,Wdg,Bcc,Wdb,Bbc",1974,2015,1974,1,5,5,,1,23,0.11904761904761904,2
"Bpd,Wdd,Bpq,Wdq,Bco,Wck,Bfp,Wep,Beo,Wfq,Bgp,Wgq,Bhp,Whq,Bip",2012,2016,2012,2,6,4,0,1,1,0.8,2
"Bpd,Wdp,Bpp,Wdd,Bcc,Wdc,Bcd,Wde,Bbf,Wqq,Bqp,Wpq,Bop,Wnr,Bnc",2020,2022,2022,3,5,3,2,0,,1.0,1
"Bpd,Wdp,Bpq,Wdd,Bcq,Wdq,Bcp,Wdo,Bbn,Wqc,Bqd,Wpc,Bod,Wnc,Brc",2020,2024,2020,2,6,4,0,1,,0.8,2
"Bqd,Wdc,Bdq,Wpp,Bce,Wdo,Bcm,Wcq,Bed,Wec,Bfd,Wgc,Bcp,Wdp,Bco",1982,2012,1982,2,6,5,0,1,,0.16129032258064516,1
"Bpd,Wdd,Bpq,Wdp,Bqk,Wfq,Bfc,Wcf,Bic,Wqc,Bqd,Wpc,Boc,Wob,Bnb",2008,2012,2010,3,6,3,2,1,2,0.6,2
"Bqd,Wdd,Bpq,Wdp,Bnc,Wpo,Bqo,Wpp,Bqp,Woq,Bqn,Wpr,Bqq,Wnp,Bfq",2011,2017,2012,2,7,5,1,1,1,0.7142857142857143,3
"Bqd,Wdc,Bdq,Wpp,Bce,Wed,Boc,Wdo,Bco,Wcn,Bcp,Wdn,Bch,Weq,Ber",2003,2017,2008,4,20,11,4,1,4,0.7333333333333333,2
"Bpd,Wdd,Bpq,Wdp,Bqk,Wmp,Bpo,Wjp,Bfc,Wcf,Bic,Wqc,Bqd,Wpc,Boc",1998,2012,2007,2,6,5,,1,,0.3333333333333333,1
"Bpd,Wdd,Bpq,Wdp,Bfq,Wcn,Bjp,Wqn,Bpo,Wrp,Bpl,Wpn,Bqo,Wro,Brm",2001,2012,2005,3,17,9,1,2,,0.75,1
"Bqd,Wdd,Bpq,Wdp,Bfc,Wcf,Bkc,Wpo,Bqm,Wqq,Bqp,Wpp,Bqo,Wqn,Bpn",2006,2013,2008,4,12,6,0,1,,0.75,2
"Bpd,Wdp,Bpq,Wdc,Bde,Wce,Bcf,Wcd,Bfq,Wcn,Bdg,Wfc,Bck,Wqn,Bqp",1985,2013,2013,2,5,4,,0,25,0.13793103448275862,2
"Bpd,Wdd,Bpq,Wdp,Bfq,Wcn,Bqk,Wnp,Blp,Wpp,Bop,Woo,Boq,Wqq,Bno",2009,2015,2010,4,13,5,0,1,,0.7142857142857143,1
"Bpd,Wdd,Bqp,Wdq,Bco,Woq,Blp,Wmo,Bop,Wnp,Boo,Wpq,Bqq,Wlo,Bjp",2009,2014,2011,2,5,4,,1,,0.6666666666666666,1
"Bpd,Wdd,Bqp,Wdq,Boq,Wqj,Bco,Wck,Bep,Weq,Bfp,Wfq,Bgp,Whq,Bci",2006,2011,2010,4,14,6,1,1,1,1.0,2
"Bpd,Wdd,Bqp,Wdp,Boq,Wqj,Bfc,Whc,Bcc,Wdc,Bcd,Wde,Bdb,Web,Bcb",2000,2020,2008,3,11,7,8,1,,0.3333333333333333,1
"Bpd,Wdd,Bpq,Wdp,Bfq,Wcn,Bip,Wqn,Bpo,Wrp,Bpl,Wpn,Bqo,Wro,Brm",1996,2016,1996,2,6,5,,1,,0.23809523809523808,1
"Bpd,Wdd,Bpq,Wcp,Bep,Weq,Bfq,Wdq,Bfp,Wcn,Bjp,Wqn,Bpo,Wrp,Bql",1986,2009,1991,2,6,5,5,1,,0.20833333333333334,1
"Bpd,Wdd,Bqp,Wdq,Boq,Wqj,Bdo,Wco,Bcn,Wcp,Bfc,Wcf,Bdm,Wfq,Bci",1992,2007,2007,2,5,4,15,0,13,0.25,2
"Bpd,Wdd,Bpq,Wdp,Bfq,Whq,Bfo,Wdn,Bip,Whp,Bho,Wiq,Bjp,Wjq,Bkp",1999,2009,1999,1,7,7,,1,,0.6363636363636364,1
"Bqd,Wdc,Bdq,Wpp,Bce,Wdh,Bfe,Wde,Bdf,Wcd,Bee,Wdd,Bdg,Wch,Bbf",2003,2017,2008,3,8,6,5,1,,0.4,1
"Bpd,Wdd,Bpp,Wdp,Bfq,Whq,Bcq,Wdq,Bcp,Wdo,Bdr,Wer,Bcr,Weq,Bcn",1994,2018,1995,13,48,14,1,2,2,0.56,2
"Bqd,Wdd,Bpq,Wdp,Boc,Wpo,Bqo,Wqn,Bqp,Wpn,Bnq,Wpj,Bqh,Wdj,Bfc",1986,2011,1989,4,10,7,3,1,,0.2692307692307692,1
"Bqd,Wdp,Bpq,Wdd,Boc,Wpo,Bqo,Wpp,Bqp,Woq,Bqn,Wpn,Bpm,Wqq,Bpr",1970,2016,1974,4,18,13,4,1,42,0.2765957446808511,2
"Bqd,Wdp,Bpq,Wdd,Boc,Wpo,Bqo,Wqn,Bqp,Wpn,Bnq,Wqe,Bpe,Wqf,Brd",2019,2025,2020,6,11,5,0,1,,0.7142857142857143,1
"Bpd,Wdp,Bqp,Wdd,Bnp,Wqc,Bqd,Wpc,Bnc,Wnb,Bmb,Woc,Bnd,Wod,Boe",2018,2021,2021,5,9,4,1,0,3,1.0,2
"Bpd,Wdd,Bpp,Wdp,Bfq,Wqq,Bpq,Wqp,Bpo,Wrn,Bcn,Wdn,Bdm,Wen,Bcp",2018,2023,2020,3,6,4,2,1,2,0.6666666666666666,2
"Bpd,Wdp,Bpq,Wdd,Bcq,Wdq,Bcp,Wdo,Bbn,Wqo,Bop,Wql,Bhq,Wjq,Bho",2019,2025,2019,2,6,5,0,1,2,0.7142857142857143,2
"Bpd,Wdp,Bpp,Wdd,Bcq,Wdq,Bcp,Wco,Bbo,Wbn,Bcn,Wdo,Bbm,Wbp,Ban",2018,2025,2023,5,23,8,1,1,1,1.0,2
"Bpd,Wdp,Bqp,Wdd,Bcq,Wdq,Bcp,Wdo,Bbn,Wop,Boq,Wnq,Bpq,Wnp,Bqn",2020,2025,2022,5,11,5,2,1,2,0.8333333333333334,3
"Bpd,Wdd,Bpp,Wdq,Bcc,Wcd,Bdc,Wed,Bfc,Wqq,Bqp,Wpq,Bop,Wnr,Bgb",2023,2025,2025,3,5,3,2,0,1,1.0,2
"Bpd,Wdp,Bqp,Wdd,Bnp,Wqc,Bpc,Wqd,Bqf,Wqe,Bpe,Wrf,Bqb,Wrb,Bre",2018,2024,2018,4,9,5,0,1,,0.7142857142857143,2
"Bpd,Wdd,Bpq,Wdq,Bco,Wcp,Bdo,Wfq,Bdk,Wqc,Bqd,Wpc,Bnc,Woc,Bod",2022,2025,2024,3,7,3,0,1,2,0.75,2
"Bpd,Wdd,Bqp,Wdp,Bfq,Wip,Bkq,Wfp,Bgp,Wfo,Beq,Wdq,Bgo,Wdn,Bio",2000,2014,2014,3,5,3,14,0,14,0.2,2
"Bpd,Wdd,Bqp,Wdp,Boq,Wqf,Bqi,Wnd,Bpf,Wqc,Bpc,Wpg,Bqe,Wof,Bpe",2009,2015,2009,2,5,4,0,1,6,0.5714285714285714,3
"Bpd,Wdp,Bpq,Wdd,Bqo,Wjp,Bcn,Wcl,Bcq,Wdq,Bcp,Wdo,Bbn,Wem,Bfc",1974,1996,1990,7,23,9,14,1,,0.391304347826087,1
"Bqd,Wdd,Bpq,Wdp,Bfc,Wid,Bcf,Wfd,Bgd,Wfe,Bcc,Wec,Bcd,Wch,Bdg",1989,2004,1991,2,6,5,,1,,0.3125,1
"Bpd,Wdd,Bpp,Wdp,Bfq,Wcn,Bdr,Wnc,Blc,Wqc,Bpc,Wqd,Bpe,Wpb,Bob",1996,2012,1999,3,7,4,3,1,,0.23529411764705882,2
"Bpd,Wdd,Bpp,Wdp,Bfq,Wip,Bcq,Wdq,Bcp,Wdo,Bdr,Wer,Bcr,Weq,Bcn",1992,2000,1996,3,7,5,4,1,6,0.5555555555555556,2
"Bpd,Wdd,Bqp,Wdq,Bdo,Wco,Bcn,Wcp,Bdm,Wfq,Bcf,Wfc,Bdi,Woq,Bpo",2012,2017,2012,10,18,6,0,1,,1.0,3
"Bqd,Wdc,Bpq,Woc,Bcp,Wpo,Bqo,Wpp,Bqp,Woq,Bpn,Wqq,Bpr,Wrq,Bor",1952,1987,1957,4,10,6,5,1,,0.16666666666666666,1
"Bqd,Wdc,Bpq,Wcq,Boc,Wpo,Bqo,Wqn,Bqp,Wpm,Bnq,Wqi,Bce,Wdg,Bef",1962,1981,1967,4,13,6,5,2,,0.3,1
"Bpd,Wdc,Bdq,Wqp,Bce,Wdo,Bcm,Wcq,Bcp,Wdp,Bco,Wcn,Bdn,Wbn,Bbq",1956,1992,1956,4,18,11,0,1,,0.2972972972972973,1
"Bqd,Wdc,Bpq,Wdq,Boc,Wpo,Bqm,Wqq,Bqp,Wpp,Bqo,Wqn,Bpn,Wrn,Brq",1958,1963,1958,2,8,4,2,3,,0.6666666666666666,1
"Bpd,Wcp,Bpp,Wdc,Bep,Weq,Bfq,Wdq,Bfp,Wdo,Bjp,Wqn,Bql,Wqq,Bpq",1960,1992,1972,3,7,4,12,1,,0.12121212121212122,1
"Bqd,Wdc,Bpq,Wdq,Boc,Wpo,Bqo,Wqn,Bqp,Wpm,Bnq,Wqi,Bce,Wdh,Bdf",1960,1989,1966,8,81,27,0,1,,0.9,1
"Bpd,Wdc,Bpp,Wdq,Bde,Wce,Bcf,Wcd,Bdo,Wco,Bcn,Wcp,Bdn,Wfq,Bdf",1961,2007,1963,7,30,18,2,1,,0.3829787234042553,1
"Bqd,Wdc,Bpq,Wcq,Boc,Wpo,Bqo,Wqn,Bqp,Wpm,Bnq,Wqi,Bce,Wdh,Bdf",1960,1987,1969,4,40,20,5,3,,0.7142857142857143,1
"Bpd,Wdp,Bpq,Wdd,Bqk,Wnc,Bpf,Wpb,Bqc,Wkc,Bfq,Wjp,Bcn,Wdn,Bdm",1974,1989,1980,4,14,9,5,1,,0.5625,1
"Bpd,Wdc,Bpp,Wcq,Bde,Wce,Bdd,Wcd,Bec,Wcf,Bdf,Wdg,Bcc,Wdb,Bbc",1951,1998,1962,4,29,17,11,3,,0.3541666666666667,1
"Bpd,Wdc,Bpp,Wdp,Bde,Wce,Bdd,Wcd,Bec,Wcf,Bdf,Wdg,Bcc,Wdb,Bbc",1956,1998,1956,2,20,15,0,1,42,0.3488372093023256,2
"Bpd,Wdc,Bpp,Wdq,Bde,Wee,Bef,Wed,Bdg,Wff,Bfg,Wgg,Bgf,Wfe,Bfh",1955,1964,1955,1,5,5,,2,,0.5,1
"Bqd,Wcp,Bpq,Wdc,Bod,Wep,Bde,Wpo,Bqo,Wqn,Bqp,Wce,Bdd,Wcd,Bec",1967,1973,1971,3,6,4,4,1,,0.5714285714285714,1
"Bqd,Wdd,Bpq,Woc,Bcp,Wpo,Bmd,Wne,Bpf,Wqc,Bpd,Wpc,Bnd,Wod,Boe",1958,1991,1958,2,6,5,,1,,0.14705882352941177,1
"Bpd,Wdc,Bpp,Wdq,Bdo,Wco,Bdp,Wcp,Beq,Wcn,Bdn,Wdm,Bcq,Wdr,Bbq",1955,2001,1955,6,12,6,0,1,46,0.1276595744680851,2
"Bqd,Wdc,Bpq,Wcq,Boc,Wpo,Bqo,Wpp,Bqp,Woq,Bqn,Wpn,Bpm,Wqq,Bpr",1963,1979,1969,2,5,3,16,1,,0.17647058823529413,1
"Bpd,Wdc,Bpq,Wcp,Beq,Wqo,Bpl,Wlq,Biq,Wop,Boq,Wnp,Bnq,Wmp,Brq",1976,1990,1983,5,13,7,7,1,,0.4666666666666667,1
"Bpd,Wdd,Bqp,Wdq,Bop,Wqf,Bpi,Wqc,Bqd,Wpc,Bod,Wrd,Bre,Wrc,Bqe",2010,2017,2010,1,5,5,,1,7,0.625,2
"Bpd,Wdd,Bpq,Wdp,Bfq,Wcn,Bjp,Wqn,Bqp,Wqk,Bqi,Won,Bpm,Wpn,Bmp",1996,2015,2003,2,16,12,7,1,7,0.6,2
"Bpd,Wdd,Bqp,Wdq,Bdo,Wco,Bdp,Wcp,Beq,Wcn,Bdn,Wdm,Bcq,Wdr,Bbq",1983,2016,2003,7,42,20,1,1,14,0.5882352941176471,3
"Bqd,Wdc,Bpq,Wdp,Bde,Wce,Bdd,Wcd,Bec,Wcf,Bdf,Wdg,Bcc,Wdb,Bbc",1982,2015,1982,1,9,9,,1,20,0.2647058823529412,2
"Bpd,Wdc,Bdq,Wco,Bpp,Wep,Beq,Wgp,Bfp,Wfo,Bfq,Wgo,Bcp,Wbo,Bhq",1979,2010,1998,3,16,11,0,1,19,0.34375,2
"Bqd,Wdc,Bpp,Wdp,Bde,Wce,Bdd,Wcd,Bec,Wcf,Bdf,Wdg,Bcc,Wdb,Bbc",1974,2015,1974,1,8,8,,1,29,0.19047619047619047,3
"Bpd,Wdd,Bpq,Wdq,Bco,Wdl,Bep,Wdp,Bdo,Weo,Bdm,Wfo,Bem,Wgq,Bcl",2004,2013,2004,1,6,6,,2,4,0.6,2
"Bpd,Wdd,Bpq,Wcp,Beq,Wqo,Bpl,Wlq,Biq,Wop,Boq,Wnp,Bnq,Wmp,Brq",1980,2008,1988,4,8,5,8,1,24,0.1724137931034483,2
"Bqd,Wpp,Bdc,Wcp,Bce,Wod,Boc,Wpd,Bpc,Wqe,Bnc,Wnd,Bmd,Wqc,Brd",1972,2016,2007,2,7,5,44,1,42,0.1111111111111111,3
"Bqd,Wpp,Bdc,Wcp,Bep,Weq,Bdp,Wdq,Bco,Wfq,Bfp,Wgp,Bcq,Wbp,Bcr",1986,2016,2015,3,14,11,29,1,29,0.3548387096774194,2
"Bpd,Wdd,Bqp,Wdq,Boq,Wqf,Bnc,Wqj,Bdo,Wco,Bcn,Wcp,Bdm,Wfq,Bcf",2015,2017,2015,3,6,3,0,2,,1.0,2
"Bqd,Wdd,Bpq,Wdp,Bfc,Wid,Bcc,Wdc,Bcd,Wde,Bdb,Web,Bcb,Wec,Bcf",1992,2018,1992,2,7,5,22,1,23,0.18518518518518517,2
"Bqd,Wdc,Bpq,Wdq,Bde,Wce,Bcf,Wcd,Bdo,Wco,Bcn,Wcp,Bdf,Wfc,Bdn",2008,2021,2015,2,8,7,7,1,7,0.5,2
"Bpd,Wdd,Bpq,Wdp,Bfq,Wcn,Bpk,Wnc,Bpf,Wqc,Bpc,Wpb,Bob,Wqb,Boc",2014,2016,2015,4,9,3,1,1,1,1.0,3
"Bqd,Wdc,Bpp,Wdq,Bde,Wce,Bdd,Wcd,Bec,Wcf,Bdf,Wdg,Bcc,Wdb,Bbc",1974,2015,1984,3,8,6,10,1,32,0.14285714285714285,2
"Bpd,Wdp,Bqp,Wdd,Bop,Wqc,Bpc,Wqd,Bqf,Wrf,Brg,Wqe,Bpf,Wpe,Boe",2020,2025,2025,2,5,4,5,0,1,0.6666666666666666,2
"Bqd,Wdp,Bpq,Wdd,Bnd,Wpo,Bqo,Wqn,Bqp,Wpn,Bnq,Wpj,Bph,Wpc,Bpd",2019,2023,2019,2,5,4,0,1,2,0.8,3
"Bpd,Wdp,Bpp,Wdd,Bcq,Wdq,Bcp,Wdo,Bbn,Wqc,Bpc,Wqd,Bpe,Wrf,Bfc",2021,2024,2023,4,7,3,2,1,2,0.75,3
"Bpd,Wdp,Bpp,Wdd,Bfq,Wqc,Bqd,Wpc,Bod,Wnb,Bcn,Wdn,Bdm,Wen,Bcp",2020,2025,2020,2,7,5,0,1,1,0.8333333333333334,2
"Bqd,Wdd,Bpq,Wdq,Bnd,Wpo,Bqo,Wqn,Bqp,Wpn,Bnq,Wpj,Bcc,Wcd,Bdc",2020,2025,2025,3,9,5,1,0,2,0.8333333333333334,2
"Bpd,Wdp,Bpp,Wdc,Bcq,Wcp,Bdq,Wep,Bfq,Wfp,Bgq,Weq,Ber,Wfr,Bdr",2020,2025,2021,8,25,6,0,1,,1.0,2
"Bqd,Wdd,Bpq,Wdp,Bnd,Wpo,Bqo,Wqn,Bqp,Wpn,Bnq,Wpj,Bcc,Wdc,Bcd",2018,2025,2020,8,24,8,2,1,1,1.0,2
"Bqd,Wdc,Bdq,Wpp,Bce,Wed,Bci,Woc,Bkd,Wpe,Bqe,Wpf,Bqg,Wqc,Bpg",2005,2015,2008,3,8,5,3,2,3,0.45454545454545453,2
"Bpd,Wdd,Bqp,Wdq,Boq,Wqj,Bcn,Wcl,Bcq,Wcp,Bdp,Wbq,Bcr,Wdo,Bep",1994,2010,1995,2,8,7,,1,11,0.4117647058823529,2
"Bpd,Wdp,Bpp,Wdd,Bfq,Wcn,Bcc,Wdc,Bcd,Wce,Bbe,Wbf,Bcf,Wde,Bbg",2018,2022,2019,3,8,4,1,2,1,0.8,2
"Bpd,Wdd,Bqp,Wdp,Bop,Wnp,Bnq,Wmq,Bmp,Wno,Bmo,Woq,Bnr,Wnn,Bor",2019,2025,2020,4,8,5,1,1,1,0.7142857142857143,2
"Bpd,Wdp,Bpp,Wdd,Bfq,Wcn,Bcc,Wcd,Bdc,Wfc,Bec,Wed,Bfb,Wqq,Bpq",2019,2023,2019,6,9,3,0,1,,0.6,3
"Bpd,Wdp,Bpp,Wdc,Bce,Wcd,Bde,Wfc,Bdi,Wqq,Bpq,Wqp,Bqn,Wqo,Bpo",2018,2025,2023,2,8,7,5,1,1,0.875,2
"Bpd,Wdp,Bpp,Wdd,Bfq,Wqc,Bpc,Wqd,Bpe,Wrf,Bcn,Wfp,Bgp,Wfo,Bdq",2019,2025,2020,3,8,4,1,1,1,0.5714285714285714,2
"Bpd,Wdd,Bpp,Wdp,Bfq,Wcn,Bcc,Wcd,Bdc,Wfc,Bec,Wed,Bfb,Wqq,Bpq",2018,2024,2019,2,6,5,1,1,1,0.7142857142857143,3
"Bpd,Wdd,Bqp,Wdq,Boq,Wck,Bnc,Wqj,Bql,Wqf,Bqe,Wpf,Bqh,Wrh,Brg",2010,2013,2010,3,5,3,0,1,1,0.75,2
"Bpd,Wdd,Bqp,Wdq,Bco,Wck,Bfp,Wep,Beo,Wfq,Bgp,Wgq,Bhp,Whq,Bip",2009,2018,2012,7,16,8,0,1,1,0.8,3
"Bpd,Wdd,Bqp,Wdp,Boq,Wqf,Bnc,Wrd,Bqg,Wpg,Bqh,Wpf,Bqc,Wph,Bqj",2010,2014,2010,2,7,5,0,2,2,1.0,3
"Bpd,Wdd,Bqp,Wdp,Boq,Wqf,Bqi,Wqc,Bqd,Wpc,Bod,Wrd,Bre,Wrc,Bqe",2009,2014,2011,2,6,5,2,1,2,0.8333333333333334,2
"Bpd,Wdd,Bqp,Wdq,Bdo,Wco,Bcn,Wcp,Bcf,Wfc,Bdn,Wfq,Bdj,Woq,Bpn",2009,2015,2009,2,5,3,0,2,,0.42857142857142855,2
"Bpd,Wdd,Bqp,Wdp,Bfq,Wcn,Bdr,Wop,Boq,Wnq,Bpq,Wnp,Bqn,Whq,Bfo",2006,2017,2014,2,6,5,,1,8,0.4166666666666667,2
"Bqd,Wdd,Bpq,Wdp,Bfc,Wod,Bcf,Wdf,Bdg,Wef,Bcd,Wce,Bbe,Wde,Bbg",1985,2015,1996,2,14,11,18,1,14,0.3548387096774194,2
"Bpd,Wdd,Bpq,Wdp,Bqo,Wkq,Bcf,Wdi,Bfc,Wdf,Bcc,Wdc,Bcd,Wde,Bce",1996,1999,1998,4,7,3,2,1,3,0.75,2
"Bpd,Wdd,Bpp,Wdp,Bpj,Wnc,Blc,Wqc,Bqd,Wpc,Bod,Wrc,Bnd,Wnb,Bjp",1979,1999,1979,2,6,5,,1,20,0.23809523809523808,2
"Bpd,Wdp,Bfq,Wcn,Bqp,Wdc,Bkq,Wqj,Bqg,Wqm,Bpk,Wqk,Bpn,Wpl,Bcf",1999,2002,2001,2,5,4,2,1,1,1.0,2
"Bpd,Wdp,Bpq,Wdd,Bfq,Wcn,Bjp,Wqn,Bpo,Wrp,Bql,Wpn,Bqo,Wro,Bqq",2001,2006,2001,3,6,3,0,1,,0.5,2
"Bpd,Wdd,Bpq,Wdp,Bfq,Wcn,Bjp,Wqn,Bpo,Wrp,Bql,Wpn,Bqo,Wro,Bqq",1990,2010,1990,2,7,5,16,1,11,0.23809523809523808,2
"Bqd,Wdp,Bdc,Wpp,Bdf,Wod,Boc,Wnc,Bpc,Wnd,Bqf,Wjd,Bcq,Wcp,Bdq",2019,2025,2019,3,14,5,0,4,1,0.7142857142857143,2
"Bpd,Wdp,Bpp,Wdc,Bce,Wcd,Bde,Wfc,Bdi,Wqq,Bqp,Wpq,Bnq,Woq,Bop",2018,2025,2020,4,20,7,0,4,2,0.875,2
"Bpd,Wdd,Bpp,Wdp,Bcq,Wdq,Bcp,Wco,Bbo,Wbn,Bcn,Wdo,Bbm,Wbp,Ban",2019,2025,2019,2,8,5,0,2,1,0.7142857142857143,3
"Bqd,Wdd,Bpq,Wdp,Bnd,Wpo,Bqo,Wqn,Bqp,Wpn,Bnq,Wpj,Bph,Wpc,Bpd",2020,2025,2020,1,5,5,,2,1,0.8333333333333334,2
"Bpd,Wdp,Bqp,Wdd,Bop,Wqc,Bpc,Wqd,Bqf,Wqe,Bpe,Wrf,Bqb,Wrb,Bre",2018,2025,2021,5,14,7,2,1,2,0.875,3
"Bpd,Wdp,Bqp,Wdd,Bnp,Wqc,Bqd,Wpc,Bod,Wnc,Bnd,Wmc,Boc,Wob,Bnb",2020,2023,2022,2,5,4,2,1,1,1.0,2
"Bpd,Wdp,Bpq,Wdd,Bfq,Weq,Bfp,Wdn,Bjp,Wpo,Bqo,Wqn,Bqp,Wpn,Bnp",2018,2024,2023,2,6,5,5,1,2,0.7142857142857143,2
"Bpd,Wdd,Bqp,Wdq,Boq,Wqf,Bqh,Wqc,Bqd,Wpc,Bod,Wrd,Bre,Wrc,Bqe",2009,2015,2014,4,9,5,3,1,5,0.7142857142857143,2
"Bpd,Wdd,Bqp,Wdq,Bdo,Wco,Bcn,Wcp,Bcf,Wfc,Bdm,Wfq,Bdi,Woq,Bpo",2011,2016,2012,2,5,4,1,1,1,0.6666666666666666,3
"Bqd,Wdd,Bpq,Wdp,Bfc,Wcf,Bkc,Wqn,Bqk,Wqq,Bqp,Wpp,Brq,Wqr,Bpo",2012,2016,2015,3,7,4,3,1,2,0.8,2
"Bpd,Wdd,Bqp,Wdq,Bnq,Wqf,Bpi,Wqc,Bqd,Wpc,Bod,Wrd,Bre,Wrc,Bqe",2011,2017,2017,2,5,4,6,0,4,0.5714285714285714,2
"Bpd,Wdp,Bqp,Wdd,Bop,Wqc,Bqd,Wpc,Bnc,Woc,Bod,Wnb,Bcq,Wdq,Bcp",2018,2025,2025,3,7,4,5,0,5,0.5,2
"Bqd,Wdd,Bcp,Wpq,Bqo,Weq,Bop,Woq,Bnp,Wmq,Bdo,Wod,Boc,Wnc,Bpc",2021,2024,2024,2,5,4,3,0,2,1.0,2
"Bpd,Wdp,Bpp,Wdd,Bfq,Whq,Bcq,Wdq,Bcp,Wdo,Bdr,Wer,Bcr,Weq,Bcn",1992,2015,1995,7,26,12,3,1,4,0.5,2
"Bpd,Wdd,Bpp,Wdq,Bdo,Wco,Bcn,Wcp,Bdn,Wfq,Bdj,Wqj,Bfc,Wcf,Bdb",1994,2008,1995,4,10,5,0,1,2,0.3333333333333333,2
"Bpd,Wdd,Bpp,Wdp,Bfq,Wcn,Bjp,Wqn,Bql,Wqq,Bpq,Wqp,Bpo,Wrn,Bom",1990,2017,1994,2,14,11,4,3,6,0.39285714285714285,3
"Bpd,Wdd,Bpp,Wdp,Bfq,Wcn,Bdr,Wcq,Biq,Wqn,Bql,Wqq,Bqp,Wpq,Bop",1996,2018,1996,2,5,4,0,1,,0.17391304347826086,2
"Bpd,Wdd,Bpp,Wdp,Bfq,Wcn,Bdr,Wcq,Biq,Wqn,Bpk,Wqq,Bqp,Wpq,Bop",1995,2002,1996,4,9,5,1,1,1,0.625,2
"Bpd,Wdd,Bqp,Wdq,Boq,Wqf,Bnc,Wrd,Bqh,Wqc,Bqe,Wre,Bpf,Wpg,Bqg",2006,2014,2010,4,14,6,3,1,3,0.6666666666666666,3
"Bpd,Wdd,Bpq,Wdp,Bcq,Wcp,Bdq,Wep,Bfr,Wpo,Bqo,Wqn,Bqp,Wpn,Bnp",2020,2024,2023,3,6,4,3,1,4,0.8,2
"Bpd,Wdp,Bpp,Wdc,Bcq,Wdq,Bcp,Wcn,Bbn,Wcm,Bbm,Wcl,Bde,Wce,Bdd",2021,2024,2023,2,5,3,2,1,2,0.75,3
"Bpd,Wdd,Bpp,Wdp,Bfq,Wqc,Bqd,Wpc,Bod,Wnb,Bcn,Wdn,Bdm,Wen,Bcp",2019,2025,2024,2,6,5,5,1,5,0.7142857142857143,2
"Bpd,Wdd,Bqp,Wdq,Bop,Wqc,Bpc,Wqd,Bqf,Wqe,Bpe,Wrf,Bqb,Wrb,Bre",2022,2025,2024,4,7,3,2,1,2,0.75,2
"Bpd,Wdd,Bqp,Wdp,Boq,Wqf,Bqh,Wqc,Bqd,Wpc,Bod,Wrd,Bre,Wrc,Bqe",2003,2014,2014,3,5,3,11,0,5,0.25,3
"Bpd,Wdd,Bqp,Wdp,Bfq,Wcn,Blq,Wqj,Bqf,Wqm,Bpn,Wro,Bpm,Wqo,Bpo",2011,2017,2012,8,12,5,1,1,1,0.7142857142857143,2
"Bpd,Wdp,Bpp,Wdd,Bfq,Wqq,Bpq,Wqp,Bqn,Wqo,Bpo,Wrn,Bcn,Wdn,Bdm",2018,2024,2023,2,6,5,,1,3,0.7142857142857143,2
"Bpd,Wdp,Bpp,Wdd,Bfq,Wcn,Bcc,Wdc,Bcd,Wcf,Bce,Wde,Bbf,Wcb,Bbb",2018,2020,2018,3,8,3,0,2,,1.0,3
"Bpd,Wdd,Bpp,Wdp,Bfq,Wqc,Bpc,Wqd,Bpe,Wrf,Bcn,Wdn,Bdm,Wen,Bcp",2018,2024,2024,2,5,4,6,0,2,0.5714285714285714,3
"Bpd,Wdd,Bqp,Wdp,Bop,Wqc,Bpc,Wqd,Bqf,Wqe,Bpe,Wrf,Bqb,Wrb,Bre",2018,2020,2018,3,5,3,0,1,,1.0,2
"Bpd,Wdp,Bpq,Wdc,Bde,Wce,Bcf,Wcd,Bdf,Wfc,Bcn,Wfq,Bcp,Wcq,Bbq",2020,2023,2020,2,5,3,0,1,2,0.75,2
"Bpd,Wdc,Bpq,Wcq,Bde,Wce,Bdd,Wcd,Bec,Wcf,Bdf,Wdg,Bcc,Wdb,Bbc",1974,2000,1981,2,7,6,7,1,26,0.2222222222222222,2
"Bpd,Wdc,Bpp,Wdq,Bdo,Wco,Bcn,Wcp,Bde,Wce,Bcf,Wcd,Bdf,Wfc,Bdn",1961,2000,1961,2,5,3,,1,39,0.075,2
"Bqd,Wdd,Bpq,Wdp,Bfc,Wcf,Bkc,Wpo,Bqo,Wqn,Bqp,Wpn,Bnq,Wqj,Bdb",2006,2015,2008,2,8,6,2,2,1,0.6,3
"Bpd,Wdd,Bqp,Wdq,Bdo,Wco,Bdp,Wcp,Beq,Wcn,Bdr,Wcq,Bkq,Wqj,Bfp",2007,2016,2007,3,7,4,0,1,,0.4,2
"Bqd,Wdd,Bpq,Wdp,Boc,Wpo,Bqo,Wqn,Bqp,Wpm,Bnq,Wqe,Bpe,Wqf,Brd",2014,2019,2016,15,18,4,2,1,1,0.6666666666666666,3
"Bqd,Wpp,Bdc,Wcp,Bcf,Wod,Boc,Wpd,Bpc,Wqe,Bnc,Wrd,Bqc,Wpf,Bqn",2015,2017,2016,9,11,3,1,1,1,1.0,3
"Bpd,Wdp,Bpq,Wdd,Bfq,Wcn,Bjp,Wqn,Bpo,Wrp,Bpn,Wqm,Bpk,Wpm,Bom",2000,2017,2016,4,7,4,16,1,16,0.2222222222222222,3
"Bpd,Wdd,Bpq,Wdp,Bfq,Wcn,Bjp,Wqn,Bpo,Wrp,Bpn,Wqm,Bpk,Wpm,Bom",1996,2017,2016,5,12,6,20,1,20,0.2727272727272727,3
"Bqd,Wdd,Bpq,Wdq,Boc,Wpo,Bqo,Wqn,Bqp,Wrd,Bre,Wqe,Bpe,Wqf,Brf",2006,2016,2014,2,6,5,8,1,2,0.45454545454545453,2
"Bpd,Wdd,Bqp,Wdp,Bfq,Whp,Bcq,Wdq,Bcp,Wdo,Bdr,Wer,Bcr,Weq,Bcn",1999,2017,1999,1,6,6,,1,3,0.3157894736842105,2
"Bpd,Wdd,Bpq,Wdq,Bdo,Wco,Bdp,Wcp,Beq,Wcn,Bdn,Wdm,Bcq,Wdr,Bbq",1988,2017,2005,4,15,10,17,2,14,0.3333333333333333,2
"Bpd,Wdd,Bpq,Wdp,Bfq,Whq,Bcq,Wdq,Bcp,Wdo,Bdr,Wer,Bcr,Weq,Bcn",1997,2017,2002,2,10,8,5,1,12,0.38095238095238093,3
"Bqd,Wdd,Bpp,Wdp,Bfc,Wod,Bcf,Wdf,Bdg,Wef,Bcd,Wce,Bbe,Wde,Bbg",1991,2009,1991,1,5,5,,2,18,0.2631578947368421,2
"Bqd,Wdc,Bpq,Wdp,Boc,Wpo,Bqo,Wqn,Bqp,Wrd,Bre,Wqe,Bpe,Wqf,Brf",1994,2014,2010,3,8,6,16,1,15,0.2857142857142857,2
"Bpd,Wdp,Bpp,Wdd,Bfq,Wqc,Bpc,Wqd,Bpe,Wrf,Bcn,Wdn,Bdm,Wen,Bcp",2022,2025,2025,2,5,4,3,0,1,1.0,2
"Bpd,Wdp,Bpp,Wdd,Bcq,Wdq,Bcp,Wdo,Bbn,Wqc,Bpc,Wqd,Bqf,Wqe,Bpe",2019,2025,2020,2,5,4,1,1,6,0.5714285714285714,2
"Bpd,Wdc,Bpq,Wpo,Bdp,Woq,Bor,Wop,Bnq,Wnr,Bmr,Wpr,Bns,Wqq,Bce",1972,2012,1976,2,6,5,,1,40,0.12195121951219512,2
"Bpd,Wdd,Bqp,Wdp,Boq,Wqf,Bnc,Wrd,Bqh,Wqc,Bqe,Wre,Bpf,Wpg,Bqg",2009,2013,2012,9,20,5,0,1,1,1.0,2
"Bpd,Wdd,Bqp,Wdp,Bfq,Wcn,Blq,Wqj,Bqg,Wqm,Bpn,Wro,Bpm,Wqo,Bpo",2012,2016,2012,4,7,4,0,1,,0.8,3
"Bpd,Wcq,Bpp,Wed,Bcd,Wcc,Bbc,Wdc,Bbe,Wic,Bqj,Wnq,Bpn,Wpr,Bqq",1961,1974,1969,3,6,3,0,1,,0.21428571428571427,1
"Bqd,Wcc,Bpq,Woc,Bcp,Wpo,Boo,Won,Bop,Wpm,Bnn,Wnm,Bmm,Wmn,Bno",1955,1985,1955,2,6,5,,1,,0.16129032258064516,1
"Bpd,Wcq,Bpp,Wdc,Bce,Wdh,Bdf,Wfd,Bbc,Wjc,Bqj,Wnq,Bpn,Wpr,Bqq",1961,1964,1963,3,6,3,2,1,,0.75,1
"Bpd,Wdp,Bqp,Wdc,Boq,Wqj,Bce,Wdh,Bfe,Wgc,Bcn,Wcl,Bcq,Wcp,Bdq",1974,1982,1974,2,5,4,,1,,0.4444444444444444,1
"Bqd,Wdc,Bpq,Wco,Boc,Wqo,Bpl,Wpn,Bqp,Wrp,Brq,Wpp,Bqq,Wop,Bnq",1960,1967,1960,2,6,3,,2,,0.375,1
"Bpd,Wdp,Bpp,Wdc,Bde,Wce,Bdd,Wcd,Bec,Wcf,Bdf,Wdg,Bcc,Wdb,Bbc",1962,2019,1974,7,60,25,10,1,34,0.43103448275862066,2
"Bpd,Wdc,Bpp,Wdq,Bde,Wce,Bdd,Wcd,Bec,Wcf,Bdf,Wdg,Bcc,Wdb,Bbc",1950,1997,1997,5,30,16,5,0,47,0.3333333333333333,2
"Bqd,Wdc,Bpq,Wco,Boc,Wpo,Bqo,Wqn,Bqp,Wpm,Bnq,Wqi,Bcq,Wdq,Bdr",1970,1972,1970,5,8,3,0,1,,1.0,1
"Bqd,Wdc,Bpq,Wdq,Boc,Wqo,Bql,Wpn,Bqp,Wrp,Brq,Wpp,Bqq,Wop,Bnq",1959,1964,1959,5,11,5,0,1,,0.8333333333333334,1
"Bqd,Wdc,Bpq,Wdp,Boc,Wpo,Bqo,Wpp,Bqp,Woq,Bpn,Wqq,Bpr,Wrq,Bor",1966,2016,1971,2,7,5,50,1,,0.09803921568627451,1
"Bqd,Wdc,Bpq,Wdp,Boc,Wpo,Bqo,Wpp,Bqp,Woq,Bqn,Wpn,Bpm,Wqq,Bpr",1964,2014,1969,3,31,21,4,1,,0.4117647058823529,1
"Bqd,Wcc,Bpq,Woc,Bcp,Wqo,Bld,Wnp,Bpo,Wpp,Bop,Wqp,Boq,Woo,Bpn",1963,1983,1966,2,7,5,20,1,,0.23809523809523808,1
"Bpd,Wdc,Bpp,Wdq,Bde,Wce,Bcf,Wcd,Bdo,Weo,Ben,Wep,Bdm,Wfn,Bfm",1961,1964,1961,3,5,3,0,1,,0.75,1
"Bqd,Wcp,Bpq,Wdc,Bod,Wep,Bpo,Wde,Bqj,Wcj,Bjq,Wjc,Blc,Whq,Bjo",1967,1981,1968,4,15,9,0,1,,0.6,1
"Bqd,Wdd,Bpq,Woc,Bcp,Wpo,Bld,Wqq,Bqr,Wqp,Bor,Wqk,Bpc,Wod,Bpf",1964,1974,1964,2,7,4,0,1,,0.36363636363636365,1
"Bqd,Wdc,Bpq,Wcq,Bod,Wpo,Bqm,Wqq,Bqp,Wpp,Bqo,Wqn,Bpn,Wrn,Brq",1962,1967,1963,2,6,4,1,2,,0.6666666666666666,1
"Bpd,Wcp,Bpp,Wdc,Bep,Weq,Bfq,Wdq,Bfp,Wcn,Bjp,Wqn,Bql,Wqq,Bpq",1956,2009,1991,3,16,10,20,1,,0.18518518518518517,1
"Bpd,Wcq,Bpq,Wdc,Bpk,Wjp,Bde,Wce,Bdd,Wcd,Bec,Wcf,Bdf,Wdg,Bcc",1976,1982,1977,3,6,3,0,1,,0.42857142857142855,1
"Bqd,Wdd,Bpq,Wod,Boc,Wnc,Bpc,Wmd,Bne,Wme,Bnb,Wmb,Bnd,Wmc,Bnf",1975,2007,1980,2,6,4,,2,,0.12121212121212122,1
"Bqd,Wdc,Bpq,Wcq,Bod,Wpo,Bqo,Wqn,Bqp,Wpm,Bpj,Woq,Bpp,Wop,Boo",1962,1972,1962,2,7,4,1,2,,0.36363636363636365,1
"Bdp,Wpq,Bdd,Wpc,Bpo,Wqo,Bqn,Wqp,Bpe,Wpn,Bnd,Wqe,Bqd,Wpd,Bqc",1960,1969,1960,3,5,3,0,1,,0.3,1
"Bdp,Wpq,Bdd,Wpc,Bpo,Wqo,Bpp,Wqp,Boq,Wqn,Bpn,Wpm,Bqq,Wpr,Brq",1967,1981,1967,2,7,5,,1,,0.3333333333333333,1
"Bqd,Wdc,Bpq,Wdq,Boc,Wqo,Bpl,Wpn,Bnp,Wrq,Bjq,Wco,Bce,Wcg,Bee",1963,1985,1963,4,13,8,0,2,,0.34782608695652173,1
"Bpd,Wcq,Bpp,Wdc,Bde,Wce,Bdd,Wcd,Bec,Wcf,Bpj,Wdb,Bjd,Wnq,Bkp",1962,1974,1964,4,10,6,2,1,,0.46153846153846156,1
"Bpd,Wdc,Bpq,Wdq,Bpk,Wde,Bdo,Wco,Bdp,Wcp,Beq,Wcn,Bdn,Wdm,Bcq",1978,1982,1982,3,6,3,,0,,0.6,1
"Bpd,Wdc,Bpp,Wcq,Bde,Wce,Bdd,Wcd,Bec,Wcf,Bpj,Wdb,Bjd,Wnq,Bkp",1963,1970,1963,2,6,4,0,1,,0.5,1
"Bpd,Wdc,Bpp,Wdq,Bde,Wce,Bcf,Wcd,Bdo,Wco,Bcn,Wcp,Bdf,Wfc,Bdn",1961,2000,1963,4,33,20,2,2,,0.5,1
"Bpd,Wdp,Bpp,Wdd,Bfq,Wdn,Bjp,Wqn,Bql,Wqq,Bpq,Wqp,Bpo,Wqr,Bpn",1974,1994,1974,3,10,5,0,1,,0.23809523809523808,1
"Bcp,Wpp,Bdd,Wpc,Beq,Wcj,Bpe,Wqe,Bqf,Wqd,Bpg,Wnc,Bqk,Wqm,Bcl",1966,1972,1966,2,5,4,,1,,0.5714285714285714,1
"Bcp,Wpq,Bdc,Wpc,Beq,Wde,Bce,Wcf,Bcd,Wdg,Bfc,Wck,Bqo,Wpl,Bpn",1960,1975,1966,6,33,12,0,1,,0.75,1
"Bqd,Wdd,Bpq,Woc,Bcp,Wqo,Bld,Wnp,Bpo,Wpp,Bop,Wqp,Boq,Woo,Bpn",1966,2015,1967,2,13,10,1,1,49,0.2,2
"Bqd,Wdc,Bpq,Wcq,Boc,Wqo,Bpl,Wpn,Bqp,Wrp,Brq,Wpp,Bqq,Wop,Bnq",1960,1964,1961,7,13,5,1,1,,1.0,1
"Bqd,Wdc,Bpq,Wdq,Boc,Wqo,Bqk,Wpp,Boq,Wqq,Bqr,Wrq,Blq,Wco,Bce",1958,1990,1958,2,6,5,0,1,,0.15151515151515152,1
"Bqd,Wdc,Bpq,Wdq,Boc,Wqn,Bqp,Wqk,Bce,Wco,Bfc,Wed,Bfd,Wef,Bfe",1958,1960,1958,2,5,3,2,1,,1.0,1
"Bqd,Wdc,Bpq,Woc,Bcp,Wqo,Bld,Wqf,Bod,Wnd,Boe,Wpc,Bqe,Wqc,Bne",1962,1966,1962,7,17,4,0,2,,0.8,1
"Bqd,Wdc,Bpq,Wdq,Boc,Wqo,Bpl,Wpn,Bqp,Wrp,Brq,Wpp,Bqq,Wop,Bnq",1959,1964,1959,2,5,3,3,1,,0.5,1
"Bqd,Wcc,Bpq,Woc,Bcp,Wqo,Bld,Wqf,Bod,Wnd,Boe,Wpc,Bqe,Wqc,Bne",1962,2006,1963,2,8,7,,1,,0.15555555555555556,1
"Bpd,Wdd,Bpq,Wdp,Bfq,Whq,Bqo,Wkq,Bcq,Wdq,Bcp,Wdo,Bdr,Wer,Bcr",2002,2009,2008,2,7,5,7,1,3,0.625,2
"Bpd,Wdd,Bpq,Wcp,Bep,Weq,Bfq,Wdq,Bgp,Wfo,Bgo,Wfr,Bgr,Wfp,Bgq",1981,2006,1981,1,5,5,,1,,0.19230769230769232,1
"Bpd,Wdp,Bpq,Wdd,Bcq,Wcp,Bdq,Wep,Bfr,Wpo,Bqo,Wqn,Bqp,Wpn,Bnp",2021,2024,2022,3,6,3,1,1,,0.75,1
"Bqd,Wdd,Bpq,Wdp,Boc,Wpo,Bqo,Wqn,Bqp,Wpn,Bnq,Wpj,Bcc,Wcd,Bdc",2023,2025,2025,5,8,3,1,0,1,1.0,2
"Bpd,Wdp,Bpp,Wdd,Bfq,Wcn,Bfc,Wcf,Bnq,Wqc,Bpc,Wqd,Bqf,Wqe,Bpe",2019,2022,2021,3,7,4,2,1,2,1.0,2
"Bpd,Wdp,Bqp,Wdd,Bnp,Wqc,Bpc,Wqd,Bqf,Wqe,Bpe,Wrf,Bqg,Wrg,Bqh",2020,2025,2020,5,13,6,0,2,,1.0,1
"Bpd,Wdp,Bqp,Wdd,Bfq,Wop,Boq,Wnq,Bpq,Wnp,Bcn,Wdn,Bdm,Wen,Bcp",2019,2022,2022,4,8,3,0,0,,0.75,1
"Bpd,Wdp,Bpp,Wdd,Bcq,Wdq,Bcp,Wcn,Bbn,Wbm,Bco,Wdn,Bdo,Weo,Bep",2018,2023,2022,3,7,4,4,1,5,0.6666666666666666,2
"Bqd,Wdd,Bpq,Wdp,Bcc,Wdc,Bcd,Wde,Bbf,Wod,Boc,Wnc,Bpc,Wnd,Bqf",2020,2023,2023,3,8,4,0,0,1,1.0,3
"Bpd,Wdd,Bpp,Wdp,Bfq,Wqc,Bpc,Wqd,Bqf,Wrf,Brg,Wqe,Bpf,Wpe,Boe",2020,2025,2024,3,7,5,4,1,1,0.8333333333333334,2
"Bpd,Wdp,Bqp,Wdd,Bop,Wnp,Bnq,Wmq,Bmp,Wno,Bmo,Woq,Bnr,Wnn,Bor",2018,2024,2018,4,20,7,0,3,5,1.0,2
"Bpd,Wdp,Bpp,Wdd,Bcq,Wcp,Bdq,Wfq,Bfr,Wgr,Beq,Wfp,Bep,Weo,Bdo",2020,2025,2024,2,5,4,4,1,3,0.6666666666666666,2
"Bpd,Wdp,Bpp,Wdd,Bfq,Wqc,Bpc,Wqd,Bqf,Wrf,Brg,Wqe,Bpf,Wpe,Boe",2022,2024,2022,3,7,3,0,1,,1.0,2
"Bpd,Wdp,Bpp,Wdd,Bfq,Wqq,Bpq,Wqp,Bpo,Wrn,Bcn,Wdn,Bdm,Wen,Bcp",2018,2025,2022,5,15,7,2,1,4,0.875,2
"Bqd,Wdd,Bpq,Wdp,Boc,Wpo,Bqo,Wqn,Bqp,Wpn,Bnq,Wpj,Bcq,Wcp,Bdq",2021,2024,2023,3,5,3,2,1,,0.75,1
"Bqd,Wdp,Bpq,Wdd,Boc,Wpo,Bqo,Wqn,Bqp,Wpn,Bnq,Wpj,Bcc,Wcd,Bdc",2021,2023,2022,2,5,3,,1,,1.0,1
"Bpd,Wdp,Bpp,Wdd,Bfq,Wcn,Bnq,Wqc,Bpc,Wqd,Bqf,Wqe,Bpe,Wrf,Bqb",2020,2025,2020,2,7,5,0,1,,0.8333333333333334,1
"Bpd,Wdp,Bpp,Wdc,Bce,Wcg,Bed,Wdd,Bde,Wee,Bef,Wfe,Bdg,Wgd,Bdi",2019,2025,2025,4,7,4,6,0,,0.5714285714285714,1
"Bpd,Wdp,Bpq,Wdd,Bpn,Wqc,Bpc,Wqd,Bqf,Wqe,Bpe,Wrf,Bqb,Wrb,Bre",2018,2021,2018,4,11,4,0,1,2,1.0,2
"Bqd,Wdp,Bdc,Wpp,Bdf,Wod,Boc,Wnc,Bpc,Wnd,Bqf,Wjd,Bcq,Wdq,Bcp",2018,2024,2022,3,10,6,0,2,1,0.8571428571428571,2
"Bqd,Wdp,Bpq,Wdd,Bcc,Wdc,Bcd,Wde,Bbf,Wod,Boc,Wnc,Bpc,Wnd,Bqf",2020,2023,2022,3,6,3,2,1,,0.75,1
"Bpd,Wdp,Bpp,Wdd,Bfq,Wcn,Bdq,Wcq,Bcr,Weq,Bdr,Wer,Bep,Wfr,Bcp",2020,2023,2020,2,5,4,,1,,1.0,1
"Bpd,Wdp,Bpq,Wdc,Bce,Wcg,Bed,Wdd,Bde,Wee,Bef,Wfe,Bdg,Wgd,Bdi",2019,2024,2024,4,7,3,3,0,,0.5,1
"Bpd,Wdp,Bpp,Wdd,Bfq,Wqc,Bpc,Wqd,Bqf,Wqe,Bpe,Wrf,Bqb,Wrb,Bre",2021,2024,2023,2,5,3,3,1,,0.75,1
"Bpd,Wdp,Bqp,Wdd,Bop,Wqc,Bqd,Wpc,Bnc,Wnb,Bmb,Woc,Bnd,Wod,Boe",2021,2025,2024,4,7,3,0,1,,0.6,1
"Bpd,Wdp,Bpq,Wdc,Bde,Wce,Bdd,Wcd,Bec,Wdf,Bcc,Wdb,Bbc,Web,Bfd",1971,2023,1985,2,11,9,14,1,,0.16981132075471697,1
"Bpd,Wdd,Bpp,Wdq,Bco,Wcp,Bdo,Wfq,Bdk,Wqc,Bpc,Wqd,Bqf,Wqe,Bpe",2019,2025,2020,2,7,5,1,1,1,0.7142857142857143,3
"Bqd,Wdc,Bdq,Wpp,Bce,Wdh,Bfe,Wde,Bdf,Wcd,Bee,Wdd,Bdg,Wch,Bcg",1988,2015,2006,2,8,7,18,1,,0.25,1
"Bpd,Wdd,Bpq,Wcp,Bep,Wqo,Bco,Wbo,Bdo,Wcn,Bbn,Wbm,Bbp,Wan,Bcq",1990,2016,1990,2,5,4,,1,,0.14814814814814814,1
"Bpd,Wdd,Bqp,Wdp,Bfq,Wcn,Blq,Wqj,Bqf,Wqm,Bpn,Wqn,Bqo,Wlo,Bpm",2015,2018,2015,3,9,4,0,3,,1.0,2
"Bqd,Wdd,Bpq,Wdp,Boc,Wpo,Bqo,Wqn,Bqp,Wpn,Bnq,Wpj,Bcj,Wqf,Bcn",1986,1992,1992,2,5,4,6,0,,0.5714285714285714,1
"Bpd,Wdp,Bpp,Wdc,Bde,Wce,Bcf,Wcd,Bdf,Wfc,Bdj,Wqj,Bcn,Wfq,Bql",1983,1995,1986,4,19,9,3,2,,0.6923076923076923,1
"Bpd,Wdp,Bqp,Wdc,Boq,Wqj,Bde,Wce,Bcf,Wcd,Bdg,Wfc,Bck,Wcm,Bql",1975,1995,1978,2,7,6,,1,,0.2857142857142857,1
"Bpd,Wdp,Bpq,Wdd,Bfq,Wdn,Bjp,Wpn,Bqo,Wqn,Bpo,Won,Bpj,Woo,Bnq",1987,2004,1990,3,9,6,0,1,,0.3333333333333333,1
"Bpd,Wdp,Bqp,Wdc,Boq,Wqj,Bde,Wce,Bcf,Wcd,Bdf,Wfc,Bdj,Wcl,Bql",1985,1995,1989,2,5,4,4,1,,0.36363636363636365,1
"Bpd,Wdd,Bqp,Wop,Bdp,Wqq,Bkq,Wrp,Bqo,Wro,Bpq,Wpp,Bqn,Wqr,Bpj",2000,2014,2009,2,7,6,9,1,2,0.4,2
"Bpd,Wdp,Bqp,Wdd,Bfq,Wop,Bcn,Wdn,Bdm,Wen,Bcp,Wco,Bbo,Wdo,Bbm",1989,2010,1995,3,12,7,6,1,,0.3181818181818182,1
"Bpd,Wdd,Bpp,Wdp,Bfq,Wcn,Bjp,Wqj,Bql,Wqf,Bqh,Wof,Bnd,Wpi,Bqe",1993,2000,1994,2,6,5,1,1,,0.625,1
"Bpd,Wdp,Bpq,Wdc,Bcn,Wfq,Bde,Wce,Bcf,Wcd,Bdf,Wfc,Bcp,Wcq,Bbq",2020,2025,2020,2,5,3,0,1,,0.5,1
"Bqd,Wpp,Bdc,Wcp,Bcf,Wod,Bld,Wpg,Boe,Wne,Bof,Wqc,Bqf,Wrd,Bnd",2014,2016,2015,3,5,3,1,1,,1.0,1
"Bpd,Wdc,Bdq,Wpp,Bce,Wdn,Bcl,Wdp,Bep,Wcq,Bcr,Wcp,Ber,Weo,Bfp",1997,2013,1999,2,7,5,2,1,,0.29411764705882354,1
"Bqd,Wpp,Bdc,Wcp,Bce,Wod,Boc,Wnc,Bpc,Wdb,Beb,Wec,Bed,Wfc,Bfb",2007,2014,2011,4,12,5,0,1,7,0.625,2
"Bpd,Wdd,Bpq,Wdp,Bfq,Wip,Bcq,Wdq,Bcp,Wdo,Bdr,Wer,Bcr,Weq,Bcn",1984,2017,2002,2,8,6,18,1,,0.17647058823529413,1
"Bpd,Wdd,Bpp,Wcp,Bep,Weq,Bfq,Wdq,Bfp,Wcn,Bjp,Wqn,Bql,Wqq,Bpq",1988,1995,1993,2,6,5,5,1,,0.625,1
"Bpd,Wdc,Bpp,Wdp,Bde,Wce,Bcf,Wcd,Bdf,Wfc,Bdj,Wqj,Bcn,Wfq,Bql",1984,1993,1993,3,7,4,3,0,,0.4,1
"Bqd,Wdd,Bpq,Wdp,Boc,Wpo,Bqo,Wqn,Bqp,Wpn,Bnq,Wqe,Bpe,Wqf,Brd",2020,2023,2021,5,10,4,0,1,1,1.0,2
"Bpd,Wdc,Bdq,Wqp,Bce,Wdo,Bcm,Wbo,Bfp,Wen,Bdk,Whq,Bhp,Wip,Bho",1975,1993,1975,1,5,5,,1,,0.2631578947368421,1
"Bpd,Wdp,Bqp,Wdc,Bfq,Wip,Bcq,Wdq,Bcp,Wdo,Bdr,Wer,Bcr,Weq,Bcn",1981,2015,1981,1,6,6,,1,,0.17142857142857143,1
"Bqd,Wdd,Bpq,Wdp,Bfc,Whd,Bcc,Wdc,Bcd,Wde,Bdb,Web,Bcb,Wec,Bcf",1999,2016,2014,2,6,5,15,1,,0.2777777777777778,1
"Bpd,Wdd,Bpq,Wdp,Bqo,Wjp,Bcn,Wcl,Bcq,Wdq,Bcp,Wdo,Bdn,Wco,Bbo",1994,2003,1994,2,6,4,0,1,,0.4,1
"Bpd,Wdd,Bpp,Wdp,Bfq,Whq,Bcf,Wfc,Bcn,Wfp,Bcq,Wcp,Bdq,Wep,Bfr",1996,2009,1996,3,9,6,0,1,,0.42857142857142855,1
"Bpd,Wdd,Bqp,Wdp,Bfq,Wop,Bcn,Wdn,Bdm,Wen,Bcp,Wco,Bbo,Wdo,Bbm",1995,2010,2010,3,8,5,15,0,,0.3125,1
"Bpd,Wdd,Bpq,Wdq,Bqk,Wmp,Bpo,Wjp,Bcn,Wdo,Bbp,Wdl,Bdn,Wco,Bbo",2000,2011,2000,1,5,5,,1,,0.4166666666666667,1
"Bpd,Wdd,Bqp,Wdp,Boq,Wqf,Bnc,Wrd,Bfc,Wcf,Bqh,Wqc,Bqe,Wre,Bpf",2012,2015,2015,10,15,3,2,0,2,0.75,3
"Bqd,Wdd,Bpq,Woc,Bdp,Wqo,Bld,Wnp,Bpo,Wpp,Bop,Wqp,Boq,Woo,Bpn",1989,2003,1992,3,5,3,3,1,,0.2,1
"Bpd,Wdp,Bpq,Wdd,Bfq,Wdn,Bjp,Wqn,Bpo,Wrp,Bql,Wpn,Bqo,Wro,Bqq",1990,2010,2004,2,5,4,,1,,0.19047619047619047,1
"Bpd,Wdc,Bpq,Wdq,Bdo,Wco,Bcn,Wcp,Bde,Wce,Bcf,Wcd,Bdf,Wfc,Bdn",1980,1999,1992,2,7,6,,1,,0.3,1
"Bpd,Wdp,Bpp,Wdd,Bfq,Wip,Bcq,Wdq,Bcp,Wdo,Bdr,Wer,Bcr,Weq,Bcn",1986,1999,1997,2,7,6,11,1,10,0.42857142857142855,2
"Bpd,Wdc,Bdp,Wpq,Bde,Wcg,Bcc,Wcd,Bdd,Wce,Bcf,Wdf,Bbf,Wbc,Bcb",1960,1989,1960,2,5,4,0,1,,0.13333333333333333,1
"Bqd,Wdp,Bdc,Wpp,Bdf,Wod,Boc,Wnc,Bpc,Wnd,Bqf,Wjd,Bqq,Wpq,Bqp",2020,2022,2020,2,5,3,0,1,,1.0,2
"Bqd,Wdc,Bdq,Wpp,Bce,Wdo,Bcm,Wcq,Bcp,Wdp,Bco,Wcn,Bdn,Wbn,Bbq",1968,2009,1973,3,7,5,5,1,,0.11904761904761904,1
"Bpd,Wdc,Bpp,Wcp,Bep,Weq,Bfq,Wdq,Bfp,Wcn,Bjp,Wqn,Bql,Wqq,Bpq",1962,2001,1984,4,31,15,22,1,,0.375,1
"Bpd,Wdd,Bqp,Wdq,Bdo,Wco,Bcn,Wcp,Bdn,Wfq,Bdj,Woq,Bcf,Wfc,Bop",1987,2004,1989,2,7,6,2,1,,0.3333333333333333,1
"Bqd,Wdc,Bpq,Wcq,Boc,Wpo,Bqo,Wqn,Bqp,Wpm,Bnq,Wqi,Bce,Wci,Bdd",1965,1985,1980,2,9,7,15,1,,0.3333333333333333,1
"Bqd,Wdd,Bpp,Wdq,Boc,Wqj,Bdo,Wco,Bcn,Wcp,Bdm,Wfq,Bci,Wcg,Bqh",1968,1988,1968,6,26,12,0,1,,0.5714285714285714,1
"Bqd,Wdd,Bpq,Wdp,Bfc,Wcf,Blc,Wpo,Bqo,Wqn,Bqp,Wpn,Bnq,Wqj,Bqh",2011,2018,2017,4,10,5,3,1,1,0.625,3
"Bpd,Wdd,Bqp,Wdq,Boq,Wqj,Bdo,Wco,Bdp,Wcp,Beq,Wcn,Bdr,Wcq,Bfp",2009,2016,2009,5,10,5,0,1,,0.625,1
"Bpd,Wdp,Bqp,Wdd,Bop,Wnp,Bno,Woq,Boo,Wpq,Bmp,Wpp,Bpo,Wqq,Bnq",2019,2025,2021,3,10,6,1,2,3,0.8571428571428571,2
"Bpd,Wdp,Bpp,Wdc,Bce,Wcd,Bde,Wfc,Bcn,Wfq,Bcp,Wcq,Bbq,Wco,Bbp",2018,2022,2018,4,10,4,0,1,2,0.8,2
"Bpd,Wdp,Bpq,Wdd,Bfq,Wqo,Bop,Wjp,Bcn,Wdn,Bdm,Wen,Bcq,Wco,Bdq",2019,2022,2019,5,7,3,0,1,,0.75,2
"Bpd,Wdd,Bqp,Wdq,Boq,Wck,Bfc,Wdf,Bcc,Wdc,Bdb,Web,Bcb,Wec,Bbe",2013,2015,2014,8,10,3,1,1,1,1.0,3
"Bqd,Wdd,Bpp,Wdq,Boc,Wqj,Bcn,Wcl,Bcq,Wcp,Bdp,Wbq,Bcr,Wdo,Bep",1972,1994,1994,3,5,3,22,0,,0.13043478260869565,1
"Bqd,Wdc,Bpq,Wdq,Boc,Wpo,Bqo,Wpp,Bqp,Woq,Bqn,Wpn,Bpm,Wqq,Bpr",1968,1985,1975,3,6,4,7,1,,0.2222222222222222,1
"Bpd,Wdd,Bpq,Wdp,Bfq,Wcn,Bip,Wqn,Bpo,Wrp,Bql,Wpn,Bqo,Wro,Bqq",1998,2014,1998,1,5,5,,2,,0.29411764705882354,1
"Bpd,Wdp,Bpq,Wdd,Bqk,Wnc,Bpf,Wqc,Bpc,Wpb,Bob,Wqb,Boc,Wre,Brf",2005,2015,2013,5,20,6,7,2,7,0.5454545454545454,3
"Bqd,Wdd,Bpq,Wdp,Bfc,Wcf,Bkc,Wqn,Bql,Wqq,Bqp,Wpp,Brq,Wqr,Bpo",1996,2015,2013,3,12,6,17,1,,0.3,1
"Bpd,Wdd,Bpp,Wdp,Bpj,Wnc,Boe,Wqc,Bpc,Wqd,Bqf,Wrf,Brg,Wre,Bqg",1996,2012,1996,2,5,4,,1,,0.23529411764705882,1
"Bqd,Wdd,Bpq,Wdp,Bnd,Wpo,Bqo,Wqn,Bqp,Wpn,Bnq,Wpj,Bcq,Wcp,Bdq",2019,2023,2020,3,10,5,0,1,1,1.0,2
"Bqd,Wdp,Bpq,Wdc,Boc,Wpo,Bqo,Wqn,Bqp,Wpn,Bnq,Wqe,Bpe,Wqf,Brd",2018,2024,2020,2,8,6,2,2,,0.8571428571428571,1
"Bpd,Wdp,Bpq,Wdd,Bcq,Wdq,Bcp,Wdo,Bbn,Wqc,Bqd,Wpc,Bod,Wnc,Bpo",2020,2023,2020,2,5,3,0,1,3,0.75,2
"Bpd,Wdd,Bpq,Wdq,Bqk,Wnc,Bpf,Wqc,Bpc,Wpb,Bob,Wqb,Boc,Wre,Brf",2014,2016,2016,3,6,3,0,0,,1.0,1
"Bpd,Wdp,Bpq,Wdd,Bqo,Wjp,Bcn,Wcl,Bcq,Wdq,Bcp,Wdo,Bdn,Wco,Bbo",1989,2002,1989,1,6,6,,1,,0.42857142857142855,1
"Bpd,Wdp,Bqp,Wdd,Bfq,Wip,Bcn,Wfp,Bgp,Wfo,Bcq,Weq,Bcp,Wcl,Bdm",1990,1999,1990,2,5,4,0,1,,0.4,1
"Bpd,Wdd,Bpq,Wdp,Bpk,Wnc,Bpf,Wqc,Bpc,Wpb,Bob,Wqb,Boc,Wre,Brf",2014,2016,2016,5,7,3,2,0,,1.0,1
"Bqd,Wdp,Bpq,Wdc,Bde,Wce,Bdd,Wcd,Bec,Wcf,Bdf,Wdg,Bcc,Wdb,Bbc",1979,2015,1985,4,16,11,6,1,36,0.2972972972972973,2
"Bpd,Wdc,Bdq,Wqp,Bce,Wdo,Bcm,Wcq,Bed,Wec,Bfd,Wgc,Bcp,Wdp,Bco",1972,2013,1973,2,15,13,1,1,,0.30952380952380953,1
"Bpd,Wdp,Bpq,Wdc,Bpk,Wjq,Bde,Wce,Bdd,Wcd,Bec,Wcf,Bdf,Wdg,Bcc",1975,1988,1979,4,10,5,4,1,,0.35714285714285715,1
"Bqd,Wdp,Bpq,Wdc,Boc,Wpo,Bqo,Wpp,Bqp,Woq,Bqn,Wpn,Bpm,Wqq,Bpr",1972,2015,1972,2,15,12,2,1,43,0.2727272727272727,2
"Bqd,Wdc,Bpq,Wdp,Boc,Wpo,Bqo,Wqn,Bqp,Wpm,Bnq,Wqi,Bce,Wdh,Bdf",1960,1988,1960,1,8,8,,3,,0.27586206896551724,1
"Bpd,Wdp,Bpp,Wdd,Bpj,Wnc,Bjp,Wqf,Boe,Wqc,Bqd,Wpc,Bmd,Wod,Bpe",1986,1994,1986,1,5,5,,3,,0.5555555555555556,1
"Bpd,Wdd,Bpp,Wdp,Bpj,Wnc,Blc,Wqc,Bqd,Wpc,Bod,Wnd,Boc,Wob,Bpb",1994,2018,1999,5,22,14,3,1,24,0.56,2
"Bpd,Wdd,Bpp,Wdp,Bpj,Wnc,Bjp,Wqf,Boe,Wqc,Bqd,Wpc,Bmd,Wod,Bpe",1990,2015,1994,2,8,7,4,1,,0.2692307692307692,1
"Bpd,Wdd,Bpp,Wdq,Bcc,Wcd,Bdc,Wed,Bfc,Wfd,Bgc,Wec,Beb,Wfb,Bdb",2020,2025,2025,2,5,4,5,0,,0.6666666666666666,1
"Bpd,Wdp,Bpq,Wdc,Bde,Wce,Bdd,Wcd,Bec,Wcf,Bdf,Wdg,Bcc,Wdb,Bbc",1971,1999,1975,5,30,14,2,1,,0.4827586206896552,1
"Bpd,Wdc,Bpq,Wdp,Bde,Wce,Bdd,Wcd,Bec,Wcf,Bdf,Wdg,Bcc,Wdb,Bbc",1971,1981,1971,1,5,5,,1,,0.45454545454545453,1
"Bpd,Wdc,Bpq,Wcp,Bep,Wpo,Bpl,Wmp,Boo,Won,Bno,Wpp,Bnq,Wqq,Boq",1976,1995,1976,2,6,4,0,1,,0.2,1
"Bqd,Wpp,Bdc,Wcp,Bep,Weq,Bdp,Wdq,Bco,Wfp,Bcq,Wbp,Bcr,Wbo,Bdn",2007,2017,2007,1,5,5,,1,,0.45454545454545453,1
"Bqd,Wdd,Bpq,Wdp,Boc,Wpo,Bqo,Wqn,Bqp,Wrd,Bre,Wqe,Bpe,Wqf,Brf",1993,2014,2011,4,14,8,18,1,21,0.36363636363636365,3
"Bqd,Wdp,Bcd,Wpp,Boc,Wed,Bec,Wdd,Bdc,Wce,Bfc,Wfd,Bgd,Wcc,Bbd",1987,2014,1987,3,9,5,0,1,,0.17857142857142858,1
"Bqd,Wdp,Bpq,Wdc,Boc,Wpo,Bqo,Wqn,Bqp,Wpm,Bnq,Wqi,Bce,Wci,Bdd",1963,1987,1985,2,7,6,22,1,,0.24,1
"Bqd,Wdd,Bpq,Wdp,Bnc,Wpo,Bqo,Wqn,Bqp,Wpm,Bnq,Wqi,Bqg,Woi,Bcj",1985,2018,1985,1,5,5,,1,26,0.14705882352941177,2
"Bpd,Wdc,Bdq,Wqp,Bce,Wdo,Bdl,Wgp,Beo,Wen,Bfo,Wdp,Beq,Wcq,Bfq",1975,1985,1982,2,5,4,7,1,,0.36363636363636365,1
"Bqd,Wdd,Bpq,Wcq,Boc,Wpo,Bqo,Wqn,Bqp,Wpm,Bnq,Wqi,Bqg,Woi,Bcj",1973,1983,1983,3,6,4,10,0,,0.36363636363636365,1
"Bpd,Wdc,Bpq,Wdq,Bde,Wce,Bcf,Wcd,Bdo,Wco,Bcn,Wcp,Bdf,Wfc,Bdn",1971,2002,1981,2,11,9,10,1,,0.28125,1
"Bqd,Wdd,Bpq,Woc,Bcp,Wpo,Bld,Wof,Bqg,Wid,Blf,Wph,Bpg,Wog,Boh",1982,2009,1982,3,6,4,0,1,,0.14285714285714285,1
"Bqd,Wdc,Bde,Wce,Bdd,Wcd,Bec,Wcf,Bdf,Wdg,Bcc,Wdb,Bbc,Wcb,Bcg",2005,2015,2005,2,6,5,0,1,6,0.45454545454545453,3
"Bpd,Wdp,Bqp,Wdd,Bop,Wqf,Bqh,Wqc,Bqd,Wpc,Bod,Wrd,Bre,Wrc,Brf",2019,2025,2020,2,5,4,1,1,,0.5714285714285714,1
"Bqd,Wdp,Bpq,Wdd,Boc,Wpo,Bqo,Wqn,Bqp,Wpn,Bnq,Wqe,Bpe,Wqf,Bpf",2020,2024,2020,2,5,3,0,1,,0.6,2
"Bpd,Wdp,Bqp,Wdd,Bop,Wnc,Bqf,Wpc,Bqc,Wqb,Boc,Wpb,Bnd,Wob,Bod",2019,2025,2025,3,10,6,0,0,,0.8571428571428571,2
"Bpd,Wdd,Bpq,Wdp,Bcq,Wdq,Bcp,Wco,Bbo,Wbn,Bcn,Wdo,Bbm,Wbp,Ban",2019,2024,2019,3,8,4,0,2,1,0.6666666666666666,3
"Bpd,Wdp,Bpq,Wdd,Bcq,Wdq,Bcp,Wco,Bbo,Wbn,Bcn,Wdo,Bbm,Wbp,Ban",2019,2024,2019,4,13,5,0,1,1,0.8333333333333334,3
"Bpd,Wdd,Bqp,Wdp,Boq,Wqf,Bpi,Wqc,Bqd,Wpc,Bod,Wrd,Bre,Wrc,Bqe",2011,2016,2013,2,7,5,2,1,1,0.8333333333333334,3
"Bpd,Wdc,Bpp,Wdq,Bce,Wcn,Bed,Wec,Bfd,Wgc,Bdp,Wcp,Beq,Wdo,Bep",2021,2025,2024,2,5,4,3,1,2,0.8,2
"Bpd,Wdp,Bpp,Wdd,Bfq,Wdn,Bjp,Wqn,Bql,Wqq,Bpq,Wqp,Bpo,Wrn,Bom",1988,1995,1988,4,13,6,0,1,,0.75,1
"Bpd,Wdd,Bqp,Wdq,Bdo,Wco,Bcn,Wcp,Bcf,Wfc,Bdn,Wfq,Bdj,Woq,Bpo",1994,2015,2010,3,7,5,16,1,16,0.22727272727272727,2
"Bpd,Wdd,Bpq,Wdp,Bqk,Wmp,Bpo,Wjp,Bcn,Wcl,Bcq,Wdq,Bcp,Wdo,Bdn",2003,2014,2012,2,5,4,,1,,0.3333333333333333,1
"Bpd,Wdc,Bdq,Wqp,Bce,Woq,Bfd,Wde,Bdd,Wed,Bcd,Wec,Bee,Wdf,Bcc",1985,2012,1994,2,5,4,,1,,0.14285714285714285,1
"Bpd,Wdd,Bpq,Wdp,Bfq,Whq,Bcf,Wfc,Bcn,Wfp,Bcq,Wcp,Bdq,Wep,Bfr",2000,2012,2000,1,5,5,,1,,0.38461538461538464,1
"Bpd,Wdc,Bqp,Wdq,Bdo,Wco,Bdp,Wcp,Beq,Wcn,Bdn,Wdm,Bcq,Wdr,Bbq",1980,2015,2006,2,8,6,35,1,,0.16666666666666666,1
"Bpd,Wdp,Bqp,Wdd,Bop,Wnc,Bqf,Wpc,Bqc,Wqb,Boc,Wpb,Bod,Wob,Bnd",2019,2025,2019,3,6,3,0,2,,0.42857142857142855,1
"Bpd,Wdd,Bqp,Wdq,Bdo,Wco,Bdp,Wcp,Beq,Wcq,Bdn,Wcm,Bnq,Wqj,Bql",2000,2002,2001,4,6,3,1,1,1,1.0,2
"Bqd,Wdc,Bdq,Wpp,Bce,Woc,Bed,Wec,Bfd,Wgc,Bgd,Whc,Bhd,Wid,Bfc",1997,2021,1997,1,5,5,,1,,0.2,1
"Bpd,Wdd,Bqp,Wdq,Bdo,Wco,Bdp,Wcp,Beq,Wcn,Bdr,Wcq,Bkq,Wop,Bpn",2008,2015,2008,1,5,5,,3,7,0.625,2
"Bpd,Wdp,Bfq,Wcn,Bqp,Wdc,Bkq,Wqj,Bqg,Wqm,Bpn,Wro,Bqo,Wrp,Brq",1997,2006,1997,4,9,4,0,1,,0.4,1
"Bqd,Wdd,Bpq,Wdp,Boc,Wpo,Bqo,Wpp,Bqp,Woq,Bqn,Wpn,Bpm,Wqq,Bpr",1964,1988,1983,5,23,13,9,2,,0.52,1
"Bpd,Wdd,Bpq,Wcp,Bep,Weq,Bfq,Wdq,Bfp,Wcn,Bjp,Wqn,Bqp,Wqk,Bqi",1983,2005,1983,2,10,8,11,1,,0.34782608695652173,1
"Bqd,Wdd,Bcp,Wpp,Boc,Wep,Beq,Wfq,Bdq,Wfp,Bcn,Wjp,Bqn,Wql,Bqq",1985,2012,1985,2,5,4,,1,,0.14285714285714285,1
"Bpd,Wdc,Bpq,Wcp,Bep,Weq,Bfq,Wdq,Bfp,Wcn,Bjp,Wqn,Bqp,Wqk,Bqi",1982,1998,1982,1,6,6,,2,,0.35294117647058826,1
"Bqd,Wdd,Bpq,Wcq,Boc,Wpo,Bqo,Wqn,Bqp,Wpm,Bnq,Wqi,Bqg,Wjc,Bcf",1973,1991,1985,3,10,6,8,1,,0.3157894736842105,1
"Bpd,Wdd,Bpq,Wcp,Bep,Weq,Bfq,Wdq,Bfp,Wcn,Bjp,Wqn,Bpo,Wrp,Bpn",1984,2001,2000,3,11,8,0,1,,0.4444444444444444,1
"Bqd,Wdd,Bpq,Wdp,Boc,Wpo,Bpl,Wmp,Boo,Won,Bno,Wpp,Bnq,Wqq,Boq",1995,2001,2000,2,5,3,5,1,,0.42857142857142855,1
"Bqd,Wdd,Bpq,Wdp,Bfc,Wid,Bcf,Wfd,Bgd,Wfe,Bcc,Wec,Bcd,Wch,Bde",1989,2013,1989,2,6,4,0,1,,0.16,1
"Bpd,Wdd,Bpq,Wcp,Beq,Wqn,Bdn,Wep,Bdp,Wdo,Bdq,Wco,Beo,Wfp,Bcq",1978,2014,1985,3,10,8,7,1,23,0.21621621621621623,2
"Bpd,Wdp,Bpq,Wdd,Bqk,Wnc,Bpf,Wpb,Bqc,Wkc,Bfq,Wdn,Bdr,Wcq,Biq",1980,1988,1987,3,8,5,7,1,,0.5555555555555556,1
"Bpd,Wdp,Bpq,Wdd,Bfq,Wcn,Bjp,Wqn,Bpo,Wrp,Bpl,Wpn,Bqo,Wro,Brm",1994,2011,1994,1,5,5,,1,,0.2777777777777778,1
"Bpd,Wdc,Bpp,Wdq,Bpj,Wce,Bjd,Wnq,Bdo,Weo,Bcq,Wdn,Bdp,Wep,Beq",1980,1982,1980,3,5,3,,1,,1.0,1
"Bpd,Wdd,Bpp,Wdp,Bfq,Wcn,Bfc,Wdf,Bjd,Wqf,Bqh,Wqc,Bpc,Wqd,Bpe",2014,2016,2016,5,9,3,2,0,2,1.0,2
"Bqd,Wdc,Bpq,Wdq,Boc,Wpo,Bqo,Wqn,Bqp,Wpm,Bnq,Wqi,Bce,Wdh,Bee",1966,1984,1966,1,5,5,,1,,0.2631578947368421,1
"Bqd,Wdc,Bdq,Wpp,Bce,Woc,Bfd,Wde,Bdd,Wed,Bcd,Wec,Bee,Wdf,Bcc",1984,2017,1984,2,7,6,0,1,,0.17647058823529413,1
"Bqd,Wdc,Bpq,Wdp,Boc,Wpo,Bqo,Wqn,Bqp,Wpm,Bnq,Wqi,Bce,Wci,Bdd",1971,1988,1971,3,6,4,0,1,,0.2222222222222222,1
"Bpd,Wdp,Bpq,Wdc,Bcq,Wcp,Bdq,Wep,Bfq,Wfp,Bgq,Weq,Ber,Wfr,Bdr",2019,2025,2021,3,8,4,2,1,,0.5714285714285714,1
"Bqd,Wdp,Bcd,Wpp,Boc,Wfc,Bhc,Wcc,Bdc,Wdd,Bcb,Wbc,Bed,Wde,Bec",1994,2009,1998,3,11,6,4,2,,0.375,1
"Bpd,Wdc,Bpq,Wdq,Bce,Wdo,Bed,Wec,Bfd,Wgc,Bdn,Wen,Bco,Weo,Bcp",2021,2025,2024,2,6,5,3,1,,1.0,1
"Bpd,Wdd,Bpp,Wdq,Bcn,Wcl,Bcq,Wcp,Bdp,Wbq,Bcr,Wdo,Bep,Wco,Bbr",1994,2016,1994,1,6,6,,2,,0.2608695652173913,1
"Bpd,Wdc,Bdp,Wqp,Bce,Woq,Bfd,Wde,Bdd,Wed,Bcd,Wec,Bee,Wdf,Bcc",1975,2021,1979,2,6,5,,1,,0.10638297872340426,1
"Bpd,Wdp,Bpq,Wdc,Bqk,Wjq,Bde,Wce,Bdd,Wcd,Bec,Wcf,Bdf,Wdg,Bcc",1979,1982,1981,3,6,3,2,1,,0.75,1
"Bpd,Wdc,Bpq,Wcp,Bep,Wpo,Bpl,Wmp,Boo,Won,Bno,Wpp,Bnq,Wnn,Bmo",1962,1985,1979,4,10,6,17,1,,0.25,1
"Bqd,Wdc,Bdq,Wco,Bpp,Wep,Beq,Wgp,Bfp,Wfo,Bfq,Wgo,Bcp,Wbo,Bhq",1979,2001,1979,1,5,5,,1,,0.21739130434782608,1
"Bpd,Wdd,Bpp,Wdp,Bfq,Wip,Bcn,Wfp,Bgp,Wfo,Beq,Wdq,Bgo,Wdn,Bdm",1993,2000,1993,2,6,4,0,2,,0.5,1
"Bpd,Wdc,Bpq,Wcp,Bep,Weq,Bfq,Wdq,Bgp,Wfo,Bgo,Wfr,Bgr,Wfp,Bgq",1974,2013,1979,2,7,6,,1,,0.15,1
"Bpd,Wdp,Bpq,Wdd,Bqk,Wnc,Bpf,Wjd,Bcf,Wch,Bcc,Wdc,Bcd,Wde,Bbf",1973,1997,1973,1,5,5,,2,,0.2,1
"Bpd,Wdp,Bpq,Wdc,Bde,Wdh,Bgd,Wee,Bef,Wfe,Bdd,Wfc,Bff,Wge,Bcc",1974,1993,1976,3,13,8,0,1,,0.4,1
"Bpd,Wdp,Bpp,Wdd,Bpj,Wdj,Bjp,Wjd,Bjj,Wnd,Bpf,Wpc,Bqc,Woc,Bqb",1988,1993,1988,5,10,3,0,1,,0.5,1
"Bqd,Wdd,Bpq,Wdp,Boc,Wpo,Bqo,Wqn,Bqp,Wpn,Bnq,Wpj,Bph,Wdj,Bfc",1987,1997,1991,4,12,7,3,1,,0.6363636363636364,1
"Bpd,Wdd,Bpq,Wdp,Bfq,Whp,Bcq,Wdq,Bcp,Wdo,Bdr,Wer,Bcr,Weq,Bcn",1999,2017,1999,1,5,5,,1,11,0.2631578947368421,2
"Bpd,Wdd,Bpq,Wdp,Bfq,Wcn,Bpk,Weq,Bfp,Wjp,Blp,Wjn,Bfm,Wdm,Bim",2002,2007,2002,2,5,4,,1,,0.6666666666666666,1
"Bpd,Wdp,Bqp,Wdc,Bfq,Wop,Bcn,Wdn,Bdm,Wen,Bcq,Wco,Bcm,Wdq,Bdr",1978,1988,1981,2,5,3,3,1,,0.2727272727272727,1
"Bqd,Wdc,Bpq,Woc,Bdp,Wqo,Bld,Wnp,Bpo,Wpp,Bop,Wqp,Boq,Woo,Bpn",1986,1993,1988,2,5,4,,1,,0.5,1
"Bqd,Wdc,Bdp,Wqq,Bce,Woc,Bfd,Wde,Bdd,Wed,Bcd,Wec,Bee,Wdf,Bcc",1970,1991,1970,2,7,5,,1,,0.22727272727272727,1
"Bpd,Wdd,Bpp,Wdq,Bpj,Wco,Bjp,Wnc,Blc,Wqc,Bqd,Wpc,Bod,Wrc,Bnd",1991,1997,1991,2,6,3,,1,,0.42857142857142855,1
"Bpd,Wdp,Bfq,Wip,Bdd,Wpp,Bcq,Wdq,Bcp,Wdo,Bdr,Wer,Bcr,Weq,Bcn",1997,2006,2005,2,5,4,,1,,0.4,1
"Bpd,Wdd,Bpq,Wcp,Bep,Wpo,Bpl,Wmp,Boo,Won,Bno,Wpp,Bnq,Wqq,Boq",1989,2008,1989,1,5,5,,2,,0.25,1
"Bpd,Wdd,Bpq,Wcp,Beq,Wpo,Bqo,Wqn,Bqp,Wpm,Bnq,Wqi,Bqg,Wjc,Bcf",1977,2007,1977,2,5,4,,1,,0.12903225806451613,1
"Bpd,Wdc,Bpq,Wcp,Beq,Wpo,Bpl,Wmp,Boo,Won,Bno,Wpp,Bnq,Wnn,Bmo",1976,1984,1976,3,7,5,0,1,,0.5555555555555556,1
"Bqd,Wdc,Bpq,Wco,Boc,Wpo,Bqo,Wqn,Bqp,Wpm,Bnq,Wqi,Bcq,Wep,Beq",1966,1991,1969,3,7,4,3,1,,0.15384615384615385,1
"Bqd,Wdd,Bpq,Wcq,Boc,Wqo,Bpl,Wpn,Bnp,Wrq,Bjq,Wjc,Bcf,Wfd,Bbd",1980,1990,1982,3,5,3,2,1,,0.2727272727272727,1
"Bpd,Wdc,Bdp,Wqq,Bce,Wci,Bdd,Wec,Bcc,Wcb,Bbc,Whc,Bed,Wfd,Bfe",1964,1987,1964,1,5,5,,1,,0.20833333333333334,1
"Bpd,Wdp,Bqp,Wcd,Bec,Woq,Blp,Whd,Bef,Won,Bop,Wnp,Bpq,Woo,Bpp",1978,1985,1978,2,5,3,0,2,,0.375,1
"Bpd,Wdp,Bqp,Wdd,Bfq,Whq,Bcq,Wdq,Bcp,Wdo,Bdr,Wer,Bcr,Weq,Bcn",1995,2014,1998,2,6,4,3,1,,0.2,1
"Bpd,Wdd,Bpp,Wdq,Bdo,Wco,Bcn,Wcp,Bdn,Wfq,Bdj,Wqj,Bcf,Wfc,Bqh",1986,1994,1987,6,25,7,0,2,,0.7777777777777778,1
"Bpd,Wdd,Bpq,Wdp,Bfq,Wdn,Bjp,Wqn,Bpo,Wrp,Bql,Wpn,Bqo,Wro,Bqq",1987,2010,2010,2,6,5,,0,,0.20833333333333334,1
"Bqd,Wdp,Bcd,Wqp,Boc,Wed,Bec,Wfc,Bdc,Wgd,Bcf,Wkc,Boq,Wlp,Bnp",1979,1990,1986,2,5,4,7,1,,0.3333333333333333,1
"Bqd,Wdc,Bdq,Wpp,Bce,Wdn,Bcl,Wdp,Bep,Wcq,Bcr,Wcp,Ber,Weo,Bfp",2004,2008,2005,3,8,4,0,1,,0.8,1
"Bpd,Wdd,Bpp,Wdp,Bfq,Wcn,Bdr,Wqn,Bql,Wcq,Biq,Wqq,Bqp,Wpq,Bop",1994,2017,1998,2,12,9,4,1,,0.375,1
"Bpd,Wdp,Bpp,Wdd,Bpj,Wnc,Blc,Wqc,Bqd,Wpc,Bod,Wrc,Bnd,Wnb,Bjp",1986,1989,1986,4,6,3,0,1,,0.75,1
"Bqd,Wdp,Bdc,Wqp,Bcn,Wde,Bfq,Wfp,Bgp,Wfo,Bgo,Weq,Bgq,Wcp,Bfn",1984,1988,1988,3,6,3,1,0,,0.6,1
"Bpd,Wdp,Bpq,Wdd,Bqk,Wnc,Bpf,Wpb,Bqc,Wkc,Bfq,Wjp,Bcq,Wdq,Bcp",1977,1990,1977,4,8,4,0,1,,0.2857142857142857,1
"Bqd,Wdd,Bcp,Wpp,Boc,Weq,Bip,Wdn,Bep,Wdp,Bdo,Wdq,Bco,Weo,Bfp",1976,1996,1976,2,5,3,0,1,,0.14285714285714285,1
"Bqe,Wpp,Bec,Wpc,Bnc,Wod,Bnd,Wpf,Bqf,Wpg,Bqg,Wph,Bqi,Wqd,Bjd",1988,2009,1994,2,6,5,6,1,,0.22727272727272727,1
"Bpd,Wdd,Bpp,Wdp,Bpj,Wnc,Bjp,Wqf,Bnd,Wmd,Bne,Wqc,Boc,Wqd,Bmc",1993,2016,1995,2,9,7,2,1,23,0.2916666666666667,2
"Bqd,Wdc,Bpq,Wcq,Boc,Wpo,Bqo,Wqn,Bqp,Wpm,Bnq,Wqi,Bce,Wdi,Bdd",1966,1985,1985,2,5,4,19,0,,0.2,1
"Bpd,Wdc,Bpq,Wdq,Bde,Wce,Bcf,Wcd,Bdo,Wco,Bcn,Wcp,Bdn,Wfq,Bdf",1982,1989,1989,2,5,4,,0,,0.5,1
"Bpd,Wdd,Bpp,Wdq,Bdo,Wco,Bdp,Wcp,Beq,Wcn,Bdn,Wdm,Bcq,Wdr,Bbq",1977,2015,1977,2,14,10,22,1,,0.2564102564102564,1
"Bqd,Wdp,Bpq,Wdc,Boc,Wpo,Bqo,Wqn,Bqp,Wpm,Bnq,Wqi,Bce,Wdh,Bdf",1964,1993,1974,2,13,11,10,1,,0.36666666666666664,1
"Bpd,Wdd,Bpq,Wcp,Beq,Wqn,Bqp,Wqk,Bqi,Wnc,Bpf,Wqc,Bpc,Wpb,Bqd",1992,1994,1992,2,5,3,0,2,,1.0,1
"Bpd,Wdd,Bpq,Wdp,Bqk,Wnc,Bpf,Wqc,Bpc,Wpb,Bqd,Wrb,Brc,Wqb,Bfq",2016,2018,2016,2,5,3,0,1,2,1.0,3
"Bqd,Wdd,Bpq,Woc,Bcp,Wpo,Bld,Wme,Bod,Wpd,Bpe,Wpc,Bnd,Wqe,Bqc",1968,1980,1980,3,8,4,0,0,,0.3076923076923077,1
"Bqd,Wdp,Bpq,Wdd,Boc,Wpo,Bqo,Wpp,Bqp,Woq,Bqn,Wdj,Bpr,Wjp,Bfc",1967,1974,1967,2,6,5,0,1,,0.625,1
"Bqd,Wdd,Bpq,Wdq,Boc,Wpo,Bqo,Wqn,Bqp,Wpm,Bnq,Wqi,Bco,Wck,Bfo",1971,1985,1985,3,5,3,14,0,,0.2,1
"Bpd,Wdp,Bpq,Wdc,Bde,Wpo,Boo,Wqq,Bpn,Wpp,Bop,Woq,Bpr,Wqr,Bro",1970,1979,1970,1,6,6,,2,,0.6,1
"Bqd,Wdc,Bpp,Wcq,Boc,Wqj,Bce,Wdh,Bdf,Wfd,Bbc,Wjc,Bqh,Wqm,Bmq",1967,1971,1968,2,5,4,1,1,,0.8,1
"Bqd,Wdd,Bfc,Wod,Bcf,Wdf,Bdg,Wef,Bcd,Wce,Bbe,Wde,Bbg,Wcc,Bbd",1996,2008,1996,2,5,4,,1,,0.3076923076923077,1
"Bpd,Wdp,Bpq,Wdd,Bfq,Wip,Bcq,Wdq,Bcp,Wdo,Bdr,Wer,Bcr,Weq,Bcn",1984,2012,2003,2,6,4,19,1,28,0.13793103448275862,2
"Bqd,Wdc,Bdq,Wpp,Bce,Wdh,Bed,Wdd,Bde,Wee,Bdg,Wfe,Beg,Wgc,Bch",2006,2018,2008,2,6,5,2,1,,0.38461538461538464,1
"Bpd,Wdd,Bqp,Wdp,Bop,Wqj,Bqh,Wqm,Bpl,Wql,Bpj,Wpk,Bok,Wqk,Bpi",2005,2010,2006,2,7,5,1,1,,0.8333333333333334,1
"Bpd,Wdp,Bpp,Wdd,Bcq,Wdq,Bcp,Wdo,Bbn,Wqc,Bpc,Wqd,Bqe,Wre,Brf",2021,2024,2024,2,5,4,3,0,,1.0,1
"Bpd,Wdd,Bpp,Wdp,Bfc,Wcf,Bjd,Wqf,Bqh,Wqc,Bpc,Wqd,Bpe,Wpf,Bqe",2000,2017,2016,3,8,5,16,1,,0.2777777777777778,1
"Bpd,Wdd,Bqp,Wdq,Boq,Wqf,Bnc,Wrd,Bqg,Wpg,Bqh,Wph,Brf,Wqe,Bqj",2012,2019,2012,4,6,3,0,1,,0.375,3
"Bpd,Wdp,Bqp,Wdd,Bfq,Wcn,Blq,Wqj,Bqg,Wqm,Bpn,Wro,Bpm,Wqo,Bpo",2011,2014,2012,4,6,3,1,1,1,0.75,2
"Bpd,Wdd,Bpp,Wdq,Bdo,Wco,Bcn,Wcp,Bfc,Wcf,Bdm,Wfq,Bci,Wic,Bmc",1994,2005,1995,2,8,5,1,2,,0.4166666666666667,1
"Bpd,Wdp,Bpp,Wdd,Bpj,Wnc,Blc,Wqc,Bqd,Wpc,Bod,Wnb,Bme,Wnq,Blq",1986,1998,1992,4,9,5,6,1,,0.38461538461538464,1
"Bqd,Wdd,Bpq,Wcp,Boc,Wpo,Bqo,Wpp,Bqp,Woq,Bqn,Wpn,Bpm,Wqq,Bpr",1968,1992,1984,4,17,11,0,2,,0.44,1
"Bpd,Wdc,Bpq,Wcp,Bep,Weq,Bfq,Wdq,Bfp,Wcn,Bjp,Wqn,Bqp,Wpj,Bqh",1986,1999,1995,2,6,4,,1,,0.2857142857142857,1
"Bpd,Wdp,Bpp,Wdd,Bfq,Wcn,Bjp,Wqn,Bql,Wqq,Bpq,Wqp,Bpo,Wrn,Bom",1973,2012,1994,3,10,7,16,1,,0.175,1
"Bqd,Wdd,Bpq,Wdp,Boc,Wpo,Bqo,Wqn,Bqp,Wrd,Bqe,Wpm,Bnq,Wqi,Bcj",1990,2002,1995,2,5,3,5,1,,0.23076923076923078,1
"Bpd,Wdd,Bpp,Wdp,Bfq,Wcn,Bdr,Wnq,Blq,Wqq,Bpq,Wqp,Bpo,Wpr,Bor",1994,2004,2000,2,7,5,,1,,0.45454545454545453,1
"Bqd,Wdc,Bpq,Woc,Bcp,Wpo,Bqo,Wqn,Bqp,Wpn,Bnq,Wqg,Bpe,Wpj,Bce",1960,1994,1960,1,5,5,,3,,0.14285714285714285,1
"Bpd,Wdd,Bpp,Wcp,Bep,Weq,Bfq,Wdq,Bfp,Wcn,Bjp,Wqj,Bql,Wqf,Bqh",1992,1995,1992,3,6,3,0,1,,0.75,1
"Bqd,Wdp,Bdc,Wqp,Bce,Wod,Boc,Wpd,Bpc,Wqe,Bnc,Wnd,Bmd,Wqc,Brd",1972,1994,1976,2,6,5,,1,,0.21739130434782608,1
"Bpd,Wdp,Bpq,Wdc,Bde,Wpo,Bpl,Wmp,Boo,Won,Bno,Wpp,Boq,Wqq,Bnq",1974,1983,1974,2,5,4,0,1,,0.4,1
"Bqd,Wdd,Bpq,Woc,Bcp,Weq,Bpo,Wdm,Bdo,Wgp,Bdq,Wep,Bdr,Wkq,Bld",1968,1984,1975,2,6,5,7,1,,0.29411764705882354,1
"Bqd,Wdc,Bpq,Wco,Boc,Wpo,Bqo,Wqn,Bqp,Wpm,Bnq,Wqi,Bde,Wce,Bcf",1973,1978,1974,2,5,4,1,1,,0.6666666666666666,1
"Bqd,Wdc,Bdp,Wpq,Bce,Woc,Bed,Wec,Bfd,Wgc,Bgd,Whc,Bhd,Wid,Bfc",1971,2017,1972,2,6,5,1,1,,0.10638297872340426,1
"Bqd,Wdd,Bcp,Wpp,Boc,Weq,Bhp,Wen,Beo,Wfo,Bdo,Wfp,Bfn,Wgn,Bfm",1961,1992,1970,2,8,7,,1,,0.21875,1
"Bqd,Wdd,Bpq,Woc,Bcp,Wpo,Bqo,Wpp,Bqp,Woq,Bqn,Wpe,Bqe,Wpf,Bqf",1960,1986,1968,2,6,5,8,1,,0.18518518518518517,1
"Bqd,Wdd,Bpq,Woc,Bcp,Wqo,Bld,Wme,Bod,Wpd,Bpe,Wpc,Bnd,Wqe,Bqc",1967,1980,1968,2,6,5,1,1,,0.35714285714285715,1
"Bqd,Wdc,Bpq,Woc,Bcp,Weq,Bqo,Wdm,Bdo,Wgp,Bdq,Wep,Bdr,Wkq,Bde",1966,1975,1967,6,10,4,1,1,,0.4,1
"Bqd,Wdc,Bpq,Wdq,Boc,Wpo,Bqo,Wqn,Bqp,Wpm,Bnq,Wqi,Bce,Wdh,Bfe",1963,1985,1970,2,6,5,7,1,,0.21739130434782608,1
"Bcp,Wpp,Bdc,Wpd,Beq,Wde,Bce,Wdd,Bcd,Wec,Bcf,Wdf,Bdg,Wcc,Bdb",1967,1973,1973,2,6,5,,0,,0.7142857142857143,1
"Bqd,Wdc,Bpq,Woc,Bcp,Wqo,Bld,Wnp,Bpo,Wpp,Bop,Wqp,Boq,Woo,Bpn",1962,1988,1968,3,22,15,0,1,,0.5555555555555556,1
"Bqd,Wdc,Bpq,Woc,Bcp,Wpo,Bld,Wqq,Bqr,Wqp,Bor,Wqk,Bpc,Wod,Bpf",1962,1972,1963,4,7,4,1,1,,0.36363636363636365,1
"Bcp,Wpq,Bdc,Weq,Bqd,Wce,Bhp,Wcn,Bep,Wfp,Beo,Wdq,Bco,Wcq,Bfo",1962,1972,1962,1,5,5,,3,,0.45454545454545453,1
"Bqd,Wdd,Boc,Wqp,Bdo,Wdq,Bcq,Wcr,Bcp,Wer,Bck,Woq,Bqj,Wql,Bfc",1973,1989,1973,1,5,5,,1,,0.29411764705882354,1
"Bqd,Wdc,Bpq,Wdq,Boc,Wqo,Bpl,Wpn,Bnp,Wrq,Bjq,Wco,Bce,Wdh,Bdf",1962,1983,1962,1,5,5,,1,,0.22727272727272727,1
"Bcp,Wpq,Bdc,Weq,Bqd,Wce,Bhp,Wfd,Bde,Wdd,Bed,Wcd,Bec,Wee,Bdf",1962,1967,1962,2,5,4,0,1,,0.6666666666666666,1
"Bpd,Wdc,Bpp,Wdq,Bde,Wce,Bcf,Wcd,Bdo,Wdf,Bcq,Wcr,Bcp,Wer,Bck",1962,1973,1962,2,8,5,0,2,,0.4166666666666667,1
"Bpd,Wdp,Bpq,Wdc,Bde,Wdh,Bgd,Wee,Bef,Wfe,Bdd,Wfc,Bcc,Wec,Bff",1981,2013,1987,3,13,10,6,1,,0.30303030303030304,1
"Bqd,Wdd,Bpq,Wcp,Boc,Wpo,Bqo,Wqn,Bqp,Wpm,Bnq,Wqi,Beq,Wqf,Bcf",1984,1986,1984,2,5,3,,1,,1.0,1
"Bpd,Wdd,Bpq,Wcp,Beq,Wqo,Bpl,Wlp,Bpo,Wiq,Bhq,Whp,Bgq,Wip,Bcr",1990,2004,1990,2,7,5,0,1,,0.3333333333333333,1
"Bpd,Wdp,Bpq,Wdd,Bpo,Wqc,Bpc,Wqd,Bqf,Wqe,Bpe,Wrf,Bqg,Wrg,Bqh",2020,2025,2024,3,8,4,4,1,,0.6666666666666666,1
"Bqd,Wdd,Bpq,Wcq,Boc,Wpo,Bqo,Wqn,Bqp,Wpm,Bnq,Wqi,Bqg,Woi,Bcf",1969,1991,1978,2,11,9,17,1,,0.391304347826087,1
"Bqd,Wdc,Bdq,Wpp,Bce,Wdh,Bfe,Wde,Bdf,Wef,Bdd,Wee,Bed,Wcd,Bcc",1999,2006,2000,2,5,4,,1,,0.5,1
"Bpd,Wcq,Bpp,Wdc,Bde,Wce,Bdd,Wcd,Bec,Wcf,Bdf,Wdg,Bcc,Wdb,Bbc",1962,1986,1974,5,29,17,8,1,,0.68,1
"Bqd,Wdp,Bcd,Wpp,Boc,Wed,Bec,Wfc,Bdc,Wgd,Bcf,Wkc,Bqn,Wnp,Brp",1987,1991,1987,2,5,4,0,1,,0.8,1
"Bpd,Wdd,Bpp,Wdp,Bpj,Wnc,Blc,Wqc,Bqd,Wpc,Bod,Wnb,Bme,Wnq,Blq",1987,2011,1987,2,6,4,0,1,,0.16,1
"Bqd,Wdc,Bpq,Wcp,Boc,Wpo,Bqo,Wpp,Bqp,Woq,Bqn,Wpn,Bpm,Wqq,Bpr",1975,1989,1986,2,7,5,11,2,,0.3333333333333333,1
"Bqd,Wdd,Bcp,Wqq,Boc,Weq,Bhp,Wen,Bcm,Wdl,Bcl,Wdk,Bck,Wdj,Bci",1971,1982,1977,3,6,4,6,1,,0.3333333333333333,1
"Bpd,Wdp,Bpq,Wdd,Bfq,Wpo,Bcn,Wfp,Bgp,Wfo,Bcq,Weq,Bcp,Wgq,Bqo",1986,1999,1989,2,5,4,3,1,,0.2857142857142857,1
"Bpd,Wdd,Bpp,Wdq,Bdo,Wco,Bcn,Wcp,Bgn,Wqj,Bgq,Wbn,Bcm,Wbm,Bcl",1989,2005,1989,1,5,5,,3,,0.29411764705882354,1
"Bpd,Wdc,Bdq,Wqq,Bce,Wdo,Bcm,Wbo,Bfp,Wen,Bdk,Whq,Bhp,Wip,Bho",1976,1991,1991,2,6,5,15,0,,0.3125,1
"Bpd,Wdd,Bqp,Wdq,Boq,Wqj,Bco,Wdl,Bdn,Wbp,Bcq,Wcp,Bdp,Wep,Bdo",1987,2001,1987,1,6,6,,1,,0.4,1
"Bpd,Wdp,Bpq,Wdc,Bde,Wce,Bcf,Wcd,Bdf,Wfc,Bdj,Wqo,Bcn,Wfq,Bpl",1989,2025,1990,2,6,5,1,1,,0.13513513513513514,1
"Bpd,Wdd,Bpq,Wcp,Bep,Wqn,Bpo,Wrp,Bpl,Wpn,Bon,Wom,Bpm,Woo,Bnn",1979,2014,1979,1,5,5,,1,35,0.1388888888888889,2
"Bqd,Wdd,Bpq,Woc,Bcp,Wpo,Bld,Wof,Bqg,Wjd,Blf,Wph,Bpg,Wog,Boh",1979,1991,1980,3,10,6,1,2,,0.46153846153846156,1
"Bpd,Wdc,Bdp,Wpq,Bce,Wqo,Bfd,Wde,Bdd,Wed,Bcd,Wec,Bee,Wdf,Bcc",1974,2018,2018,3,6,3,4,0,,0.06666666666666667,1
"Bqd,Wdd,Bcp,Wqq,Boc,Weq,Bhp,Wen,Bcm,Wjp,Bhn,Wdl,Bdm,Wem,Bel",1973,1986,1976,2,5,3,13,1,,0.21428571428571427,1
"Bpd,Wcq,Bpq,Wdc,Bde,Wce,Bdd,Wcd,Bec,Wcf,Bdf,Wdg,Bcc,Wdb,Bbc",1972,1999,1973,3,17,12,0,1,,0.42857142857142855,1
"Bpd,Wdd,Bqp,Wdq,Boq,Wqj,Bco,Wck,Bdp,Weq,Bcq,Wcr,Bbq,Whq,Bcf",1983,2000,1983,2,5,4,0,1,,0.2222222222222222,1
"Bpd,Wdd,Bpq,Wdp,Bqk,Wnc,Bpf,Wpb,Bqc,Wkc,Bfq,Wdn,Bdr,Wcq,Biq",1979,1990,1990,2,5,4,,0,,0.3333333333333333,1
"Bpd,Wdd,Bpp,Wdq,Bdo,Wco,Bcn,Wcp,Bdn,Wfq,Bdj,Wqj,Bcf,Wfc,Bef",1988,1991,1988,2,5,3,2,1,,0.75,1
"Bpd,Wdc,Bpp,Wdq,Bde,Wdh,Bgd,Wee,Bef,Wfe,Bdd,Wfc,Bcc,Wec,Bff",1984,2001,2001,2,6,5,,0,,0.2777777777777778,1
"Bqd,Wdc,Bdq,Wpp,Bce,Wdi,Bed,Wec,Bfd,Wgc,Bcc,Wgd,Bdd,Wgf,Bfc",2006,2011,2007,4,9,4,0,1,,0.6666666666666666,2
"Bpd,Wdd,Bpq,Wcp,Bep,Weq,Bfq,Wdq,Bfp,Wcn,Bpk,Wjp,Blp,Wjn,Bfm",1983,2003,1983,2,6,5,0,1,,0.23809523809523808,1
"Bqd,Wcq,Bpq,Wdc,Boc,Wpo,Bqo,Wqn,Bqp,Wpm,Bnq,Wqi,Bce,Wci,Bdd",1964,1988,1964,1,5,5,,1,,0.2,1
"Bpd,Wdp,Bpq,Wdd,Bfq,Wpo,Bcn,Wdn,Bdm,Wen,Bem,Wco,Bcm,Wfn,Bcq",1983,1991,1986,3,5,3,3,1,,0.3333333333333333,1
"Bqd,Wdp,Bpq,Wdc,Boc,Wpo,Bqo,Wpp,Bqp,Woq,Bpn,Wqq,Bpr,Wrq,Bor",1971,2025,1973,2,6,5,2,1,46,0.09090909090909091,2
"Bpd,Wdd,Bpp,Wdq,Bdo,Wco,Bdp,Wcp,Beq,Wcn,Bdr,Wcq,Bfp,Wnq,Bkq",2009,2015,2014,2,6,4,5,1,,0.5714285714285714,1
"Bpd,Wdc,Bpp,Wdq,Bde,Wce,Bcf,Wcd,Bdo,Wco,Bcn,Wcp,Bdf,Wdn,Bec",2015,2025,2019,3,6,3,4,1,4,0.2727272727272727,2
"Bqd,Wdd,Bpq,Woc,Bcp,Wpo,Bld,Wof,Boe,Wne,Bpe,Wnd,Bnf,Wmf,Bng",1969,1974,1970,2,5,4,,1,,0.6666666666666666,1
"Bqd,Wdd,Bpq,Wdq,Boc,Wpo,Bqo,Wqn,Bqp,Wpm,Bnq,Wqi,Bco,Wdl,Bdn",1968,1986,1986,2,5,4,,0,,0.21052631578947367,1
"Bpd,Wdc,Bdp,Wqq,Bce,Wdi,Bfd,Wde,Bdd,Wed,Bcd,Wec,Bee,Wdf,Bcc",1972,2005,1972,1,6,6,,1,,0.17647058823529413,1
"Bpd,Wdp,Bpp,Wdc,Bpj,Wde,Bjd,Wnq,Blq,Wqq,Bqp,Wpq,Bop,Wrq,Bnp",1972,1986,1980,2,8,5,,2,,0.3333333333333333,1
"Bpd,Wdd,Bpp,Wdp,Bfq,Whq,Bfo,Wdn,Bip,Wiq,Bjp,Whp,Bho,Wjq,Bkp",1995,2000,1996,8,10,3,1,1,1,0.5,2
"Bqd,Wdd,Bpq,Woc,Bcp,Wqo,Bld,Wqf,Bod,Wnd,Boe,Wpc,Bqe,Wqc,Bne",1965,1982,1980,2,7,5,17,1,,0.2777777777777778,1
"Bqd,Wdc,Bpq,Wcq,Boc,Wqo,Bqm,Woo,Bnp,Wpl,Bqp,Wro,Bql,Wpk,Bpm",1966,1982,1982,2,5,4,,0,,0.23529411764705882,1
"Bqd,Wdc,Bdp,Wpq,Bce,Woc,Bfd,Wde,Bdd,Wed,Bcd,Wec,Bee,Wdf,Bcc",1966,2017,1984,3,18,13,2,1,,0.25,1
"Bpd,Wdc,Bdp,Wqq,Bce,Wci,Bfd,Wde,Bdd,Wed,Bcd,Wec,Bee,Wdf,Bcc",1980,1982,1980,3,5,3,0,1,,1.0,1
"Bqd,Wdd,Bcp,Wpp,Boc,Weq,Bhp,Wen,Bdm,Wdn,Bcn,Wcm,Bcl,Wbm,Bbn",1988,1995,1990,2,5,4,,1,,0.5,1
"Bqd,Wdc,Bpq,Wco,Boc,Wqo,Bqm,Woo,Bnp,Wlp,Bno,Wpm,Bql,Wnn,Bmn",1965,1969,1965,1,5,5,,4,,1.0,1
"Bpd,Wdd,Bpp,Wdp,Bfq,Wcn,Bjp,Wqn,Bql,Wqq,Bpq,Wqp,Bpo,Wqr,Bpn",1993,2000,2000,3,5,3,7,0,,0.375,1
"Bqd,Wdd,Bcp,Wpp,Boc,Weq,Bhp,Wen,Bcm,Wjp,Bhn,Wdl,Bdm,Wem,Bel",1973,2002,1973,2,5,3,,1,,0.1,1
"Bpd,Wdp,Bpq,Wcc,Bqk,Wnc,Bpf,Wpb,Bqc,Wkc,Bfq,Wjp,Bcq,Wdq,Bcp",1978,1989,1978,2,5,3,0,1,,0.25,1
"Bqd,Wcc,Bpq,Woc,Bdp,Wqo,Bld,Wnp,Bpo,Wpp,Bop,Wqp,Boq,Woo,Bpn",1981,2001,1981,2,7,5,3,1,,0.23809523809523808,1
"Bqd,Wdc,Bpq,Wco,Boc,Wpo,Bqo,Wqn,Bqp,Wpm,Bnq,Wqi,Bce,Wdh,Bdf",1965,1973,1969,2,6,4,,1,,0.4444444444444444,1
"Bqd,Wdp,Bcd,Wpp,Bqn,Wpk,Bqq,Wqp,Bpq,Wop,Brp,Wro,Brq,Wqo,Bnq",1987,2016,1987,2,5,3,11,1,,0.1,1
"Bpd,Wdp,Bpp,Wdd,Bpj,Wnc,Bpf,Wjd,Bcj,Wnq,Blq,Wqq,Bqp,Wpq,Bop",1989,1995,1989,2,5,3,6,1,,0.42857142857142855,1
"Bpd,Wdp,Bpp,Wdd,Bfq,Wcn,Bcc,Wcd,Bdc,Wfc,Bec,Wed,Bfb,Wgc,Bgb",2018,2023,2018,2,5,3,0,2,1,0.5,2
"Bqd,Wdd,Bpq,Woc,Bcp,Wpo,Boo,Won,Bop,Wnn,Bpn,Wpm,Bqn,Wqm,Bro",1970,1990,1973,2,5,4,,1,,0.19047619047619047,1
"Bpd,Wdp,Bqp,Wdc,Boq,Wqj,Bde,Wce,Bcf,Wcd,Bfq,Wcn,Bdg,Wfc,Bck",1991,1998,1994,2,5,4,,1,,0.5,1
"Bcp,Wpq,Bdc,Wqe,Beq,Wde,Bce,Wcf,Bcd,Wdg,Bfc,Wck,Bqo,Wpl,Bpn",1967,1970,1969,4,7,3,0,1,,0.75,1
"Bpd,Wdp,Bpp,Wdd,Bpj,Wnc,Blc,Wqc,Bqd,Wpc,Bod,Wnd,Boc,Wob,Bpb",1989,2017,2002,3,9,6,9,1,,0.20689655172413793,1
"Bpd,Wdd,Bpq,Wcp,Beq,Wpo,Bpl,Wmp,Boo,Won,Bno,Wpp,Bnq,Wqq,Boq",1989,2003,1990,2,5,4,,1,14,0.26666666666666666,2
"Bpd,Wdc,Bpp,Wdq,Bde,Wce,Bcf,Wcd,Bdo,Wdf,Bfp,Wco,Bcp,Wdp,Bcq",1963,1988,1988,2,5,4,,0,,0.15384615384615385,1
"Bpd,Wdd,Bpq,Wcp,Bep,Wpo,Bqo,Wqn,Bqp,Wpn,Bnq,Wpj,Bcq,Wbq,Bdq",1987,2011,1992,2,7,6,5,1,,0.24,1
"Bqd,Wcd,Bec,Wod,Bmc,Wqc,Bpc,Wpd,Boc,Wnc,Bnd,Wnb,Bqb,Wrc,Bob",1966,1971,1966,3,5,3,0,1,,0.5,1
"Bqd,Wdc,Bpq,Wdq,Boc,Wpo,Bqo,Wqn,Bqp,Wpm,Bnq,Wqi,Bce,Wco,Bgd",1965,1982,1966,3,8,6,1,1,,0.3333333333333333,1
"Bpd,Wdc,Bpq,Wcp,Beq,Wqo,Bpm,Won,Bnp,Wqq,Bpp,Wqp,Bpn,Wpo,Boo",1965,1980,1965,2,5,3,0,1,,0.1875,1
"Bqd,Wdd,Bcp,Wpp,Boc,Weq,Bhp,Wdo,Bdp,Wep,Beo,Wgp,Ben,Wgo,Bcm",1974,2018,1974,1,6,6,,1,,0.13333333333333333,1
"Bqd,Wdc,Bpq,Wcq,Boc,Wpo,Bqm,Wqq,Bqp,Wpp,Bqo,Wqn,Bpn,Wrn,Brq",1960,1995,1960,1,5,5,,1,,0.1388888888888889,1
"Bpd,Wdc,Bpp,Wdq,Bde,Wce,Bcf,Wcd,Bdo,Wcm,Bcq,Wcp,Bdp,Wco,Bcn",1964,1971,1964,1,5,5,,3,,0.625,1
"Bqd,Wdc,Bpq,Woc,Bcp,Wqo,Bld,Wnp,Bop,Woo,Bnq,Wmp,Bmq,Wlp,Blq",1962,1971,1965,2,6,5,3,1,,0.5,1
"Bqd,Wdc,Bdp,Wpq,Bce,Woc,Bfd,Wde,Bdd,Wed,Bcd,Wee,Bec,Wfc,Beb",1970,1990,1970,2,5,4,0,1,,0.19047619047619047,1
"Bpd,Wdc,Bpp,Wdq,Bde,Wce,Bcf,Wcd,Bdo,Wdf,Bfp,Wco,Bcn,Wcp,Bdn",1962,1992,1962,1,5,5,,1,,0.16129032258064516,1
"Bqd,Wcc,Bpq,Woc,Bcp,Wqo,Bld,Wnp,Bop,Woo,Bnq,Wmp,Bmq,Wlp,Blq",1963,1986,1966,3,6,4,3,1,,0.16666666666666666,1
"Bpd,Wdp,Bpq,Wdd,Bpk,Wnc,Bpf,Wpb,Bqc,Wkc,Bjp,Wpo,Bqp,Wop,Boq",1979,1987,1984,3,6,4,5,1,,0.4444444444444444,1
"Bpd,Wdc,Bdp,Wqp,Bde,Wcg,Bcc,Wcd,Bdd,Wce,Bcf,Wdf,Bbf,Wbc,Bcb",1960,2023,1960,1,5,5,,1,,0.078125,1
"Bqd,Wdc,Bpq,Wdq,Boc,Wqo,Bqm,Woo,Bnp,Wlp,Bno,Wpm,Bql,Wnn,Bmn",1967,1989,1983,2,7,6,16,1,,0.2608695652173913,1
"Bqd,Wdd,Bpq,Woc,Bdp,Wpo,Bld,Wme,Bod,Wpd,Bpe,Wpc,Bnd,Wqe,Bqc",1967,1994,1972,2,5,4,5,1,,0.14285714285714285,1
"Bpd,Wdp,Bpp,Wdd,Bfq,Whq,Bfo,Wdn,Bip,Wiq,Bjp,Whp,Bho,Wjq,Bkp",1995,2002,1999,2,7,5,4,2,1,0.625,2
"Bqd,Wqp,Bdc,Wcp,Bce,Wod,Boc,Wnc,Bpc,Wmd,Bqf,Wic,Beq,Whp,Bfp",1975,1985,1975,1,5,5,,1,,0.45454545454545453,1
"Bpd,Wdc,Bdp,Wqq,Bde,Wcg,Bcc,Wcd,Bdd,Wce,Bcf,Wdf,Bbf,Wbc,Bcb",1963,1979,1963,2,5,4,0,1,,0.23529411764705882,1
"Bqd,Wdd,Bpq,Woc,Bcp,Wpo,Bqo,Wqn,Bqp,Wpn,Bop,Wqg,Bpe,Wpj,Bep",1962,1982,1962,3,5,3,0,1,,0.14285714285714285,1
"Bpd,Wdc,Bdp,Wpp,Bce,Wdi,Bfe,Wgc,Bhd,Whc,Bid,Wic,Bjd,Wkc,Bdk",1979,1994,1981,3,8,5,2,2,,0.3125,1
"Bpd,Wdp,Bqp,Wdc,Boq,Wqj,Bce,Wdh,Bee,Wfd,Bcc,Wcb,Bbc,Wdd,Bde",1972,1980,1980,3,5,3,8,0,,0.3333333333333333,1
"Bpd,Wdc,Bdq,Wqp,Bde,Wce,Bcf,Wcd,Bdg,Wef,Beg,Wbf,Bbg,Wdf,Bcg",1970,1998,1980,2,5,4,,1,,0.13793103448275862,1
"Bpd,Wdd,Bpq,Wdp,Bqo,Wjp,Bcn,Wcl,Bcq,Wdq,Bcp,Wdo,Bbn,Wem,Bfc",1990,1999,1990,2,10,6,0,2,,0.6,1
"Bqd,Wdd,Bpq,Wdp,Bfc,Wdf,Bkc,Wpo,Bqm,Won,Bom,Wnm,Bol,Wnn,Bnl",1981,1992,1991,4,6,3,10,1,,0.25,1
"Bpd,Wdd,Bpq,Wcp,Bep,Weq,Bfq,Wdq,Bfp,Wcn,Bjp,Wqn,Bpo,Wrp,Bpl",1988,2004,1994,2,6,5,6,1,,0.29411764705882354,1
"Bqd,Wdc,Bpq,Wcq,Boc,Wpo,Bqo,Wqn,Bqp,Wpm,Bnq,Wqi,Bce,Wqf,Bgd",1967,1985,1968,3,6,4,1,1,,0.21052631578947367,1
"Bqd,Wdc,Bpq,Wcq,Boc,Wqo,Bpl,Wpn,Boo,Wpp,Boq,Wqq,Bqr,Wop,Bnq",1965,1973,1965,1,5,5,,3,,0.5555555555555556,1
"Bpd,Wdc,Bpq,Wcp,Bep,Weq,Bfq,Wdq,Bfp,Wcn,Bjp,Wqn,Bpo,Wrp,Bpn",1985,1995,1985,2,5,3,0,1,,0.2727272727272727,1
"Bpd,Wdp,Bqp,Wdd,Bnq,Wpp,Bpq,Wqo,Bop,Wpo,Brp,Woo,Bno,Wnn,Bmo",2018,2025,2025,2,6,5,7,0,,0.625,1
"Bqd,Wdc,Bpq,Wdq,Boc,Wpo,Bqo,Wqn,Bqp,Wpm,Bnq,Wqi,Bde,Wce,Bcf",1960,1970,1960,2,5,4,0,1,,0.36363636363636365,1
"Bqd,Wdd,Bpq,Woc,Bcp,Wpo,Bqo,Wpp,Bqp,Woq,Bqn,Wpe,Bqe,Wpf,Bqg",1965,2016,2016,2,6,5,51,0,,0.09615384615384616,1
"Bpd,Wdp,Bqp,Wdd,Boq,Wqj,Bfc,Whc,Bcc,Wdc,Bcd,Wde,Bdb,Web,Bcb",2009,2016,2011,2,6,4,2,1,7,0.5,2
"Bqd,Wpp,Bcd,Wdp,Boc,Wed,Bec,Wfc,Bdc,Wgd,Bcf,Wkc,Bnq,Wqn,Bpr",2007,2014,2014,3,5,3,7,0,6,0.375,3
"Bqd,Wdd,Bpq,Wdp,Boc,Wpo,Bqo,Wqn,Bqp,Wpm,Bnq,Wqi,Bqg,Wmp,Bnp",1980,2005,1985,2,5,4,5,1,,0.15384615384615385,1
"Bpd,Wdd,Bpq,Wdp,Bqk,Wmp,Bpo,Wjp,Bfc,Whc,Bcc,Wdc,Bcd,Wde,Bdb",1994,2011,1999,2,5,4,5,1,,0.2222222222222222,1
"Bqd,Wdc,Bdp,Wpp,Bce,Woc,Bed,Wec,Bfd,Wgc,Bgd,Whc,Bhd,Wid,Bfc",1989,1995,1994,2,6,4,6,1,,0.5714285714285714,1
"Bqd,Wdd,Bcp,Wpp,Boc,Weq,Bhp,Wen,Bep,Wfp,Bdq,Weo,Bdp,Wgp,Bhq",1987,2013,1987,1,5,5,,1,,0.18518518518518517,1
"Bpd,Wdp,Bqp,Wdd,Bop,Wqc,Bpc,Wqd,Bqf,Wqe,Bpe,Wrf,Bqg,Wrg,Bqh",2021,2025,2025,3,5,3,4,0,,0.6,1
"Bpd,Wdd,Bqp,Wdq,Boq,Wqf,Bnc,Wrd,Bfc,Wcf,Bqh,Wph,Bpi,Wpg,Bqj",2012,2016,2016,3,7,5,4,0,,1.0,1
"Bqd,Wdc,Bdp,Wpp,Bce,Woc,Bfd,Wde,Bdd,Wed,Bcd,Wec,Bee,Wdf,Bcc",1982,2016,1991,2,7,6,9,1,,0.17142857142857143,1
"Bpd,Wdp,Bpp,Wdd,Bfq,Wdn,Bjp,Wqn,Bql,Won,Bnp,Wpk,Bqo,Wqk,Brn",1993,1999,1993,2,5,3,0,1,,0.42857142857142855,1
"Bqd,Wdd,Bpp,Wdp,Boc,Wqj,Bfq,Whq,Bcq,Wdq,Bcp,Wdo,Bdr,Wer,Bcr",2008,2012,2009,2,6,5,1,1,,1.0,1
"Bqd,Wdd,Bpq,Wdp,Bfc,Wid,Bkc,Wfd,Bgd,Wfe,Bec,Wdc,Bge,Wdf,Bie",2000,2015,2015,2,5,4,,0,,0.25,1
"Bqd,Wdd,Bpq,Wdp,Bfc,Wcf,Blc,Wpo,Bqm,Wqq,Bqp,Wpp,Bqo,Wqn,Bpn",2009,2018,2009,4,6,3,0,1,,0.3,1
"Bpd,Wdp,Bpq,Wdd,Bpo,Wnc,Bqf,Wpc,Bqc,Wqb,Boc,Wpb,Bnd,Wob,Bod",2020,2024,2020,2,6,4,0,2,,0.8,1
"Bqd,Wdd,Bpp,Wdp,Bfc,Wcf,Blc,Wqj,Bqn,Wqg,Bpf,Wqf,Bqe,Wle,Bpg",2015,2018,2017,2,5,4,2,1,,1.0,1
"Bpd,Wdp,Bpp,Wdd,Bcq,Wdq,Bcp,Wdo,Bbn,Wqc,Bqd,Wpc,Bnc,Wnb,Bmb",2021,2024,2021,2,5,3,0,1,2,0.75,2
"Bqd,Wdp,Bpq,Wdd,Bnd,Wpo,Bqo,Wqn,Bqp,Wpn,Bnq,Wpj,Bcc,Wdc,Bcd",2019,2025,2020,3,6,4,1,1,1,0.5714285714285714,2
"Bpd,Wdd,Bpp,Wdp,Bfq,Wnc,Bcn,Wdn,Bdm,Wen,Bcp,Wcm,Bco,Wdl,Bdq",2018,2023,2019,2,5,4,1,1,4,0.6666666666666666,2
"Bqd,Wdp,Bpq,Wdd,Bnd,Wpo,Bqo,Wqn,Bqp,Wpn,Bnq,Wpj,Bfc,Wec,Bfd",2019,2024,2019,1,5,5,,4,1,0.8333333333333334,2
